id;Hausnummer;Vorstadt;Latitude;Longitude;reference;Viertel;alte_1795_1821;ältere_1770_1795;Hausinhaber;Gassen und Plätze;Grundobrigkeit;Adresse
477;1;Spittelberg, Mariahilf;48.1983148;16.3554671;Behsel Stadtplan, WStLA, P1: 295/11G;Mariahilf;12.5;;;Windmühlgasse;Domkapitel;Windmühlgasse 1
478;2;Spittelberg, Mariahilf;48.1992082;16.3564911;Behsel Stadtplan, WStLA, P1: 295/11G;Mariahilf;9;;;Windmühlgasse;Domkapitel;Windmühlgasse 2
479;3;Spittelberg, Mariahilf;48.1994594;16.3567637;Behsel Stadtplan, WStLA, P1: 295/11G;Mariahilf;1;;;Windmühlgasse;Domkapitel;Windmühlgasse 3
480;4;Spittelberg, Mariahilf;48.1995416;16.3568822;Behsel Stadtplan, WStLA, P1: 295/11G;Mariahilf;2;;;Windmühlgasse;Domkapitel;Windmühlgasse 4
481;5;Spittelberg, Mariahilf;48.1996633;16.3570386;Behsel Stadtplan, WStLA, P1: 295/11G;Mariahilf;3;;;Windmühlgasse;Domkapitel;Windmühlgasse 5
482;6;Spittelberg, Mariahilf;48.2003853;16.3566226;Behsel Stadtplan, WStLA, P1: 295/11G;Mariahilf;4;;;Mariahilfer Hauptstraße;Domkapitel;Mariahilfer Hauptstraße 6
483;7;Spittelberg, Mariahilf;48.200277;16.3562422;Behsel Stadtplan, WStLA, P1: 295/11G;Mariahilf;5;;;Mariahilfer Hauptstraße;Domkapitel;Mariahilfer Hauptstraße 7
484;8;Spittelberg, Mariahilf;48.2002154;16.3560241;Behsel Stadtplan, WStLA, P1: 295/11G;Mariahilf;6;;;Mariahilfer Hauptstraße;Domkapitel;Mariahilfer Hauptstraße 8
485;9;Spittelberg, Mariahilf;48.2001704;16.3558618;Behsel Stadtplan, WStLA, P1: 295/11G;Mariahilf;7;;;Mariahilfer Hauptstraße;Domkapitel;Mariahilfer Hauptstraße 9
486;10;Spittelberg, Mariahilf;48.2001001;16.3556283;Behsel Stadtplan, WStLA, P1: 295/11G;Mariahilf;8;;;Mariahilfer Hauptstraße;Domkapitel;Mariahilfer Hauptstraße 10
487;11;Spittelberg, Mariahilf;48.2000503;16.3554422;Behsel Stadtplan, WStLA, P1: 295/11G;Mariahilf;9;;;Mariahilfer Hauptstraße;Domkapitel;Mariahilfer Hauptstraße 11
488;12;Spittelberg, Mariahilf;48.1999871;16.3552253;Behsel Stadtplan, WStLA, P1: 295/11G;Mariahilf;10;;;Mariahilfer Hauptstraße;Domkapitel;Mariahilfer Hauptstraße 12
489;13;Spittelberg, Mariahilf;48.1998544;16.3547631;Behsel Stadtplan, WStLA, P1: 295/11G;Mariahilf;11;;;Mariahilfer Hauptstraße;Domkapitel;Mariahilfer Hauptstraße 13
490;14;Spittelberg, Mariahilf;48.1997209;16.3543057;Behsel Stadtplan, WStLA, P1: 295/11G;Mariahilf;12;;;Mariahilfer Hauptstraße;Domkapitel;Mariahilfer Hauptstraße 14
491;15;Spittelberg, Mariahilf;48.1996261;16.3539738;Behsel Stadtplan, WStLA, P1: 295/11G;Mariahilf;13;;;Mariahilfer Hauptstraße;Domkapitel;Mariahilfer Hauptstraße 15
492;16;Spittelberg, Mariahilf;48.1995305;16.3536728;Behsel Stadtplan, WStLA, P1: 295/11G;Mariahilf;14;;;Mariahilfer Hauptstraße;Domkapitel;Mariahilfer Hauptstraße 16
493;17;Spittelberg, Mariahilf;48.1994113;16.3533173;Behsel Stadtplan, WStLA, P1: 295/11G;Mariahilf;;;;Mariahilfer Hauptstraße;Domkapitel;Mariahilfer Hauptstraße 17
494;18;Spittelberg, Mariahilf;48.1990574;16.3533955;Behsel Stadtplan, WStLA, P1: 295/11G;Mariahilf;;;Pfarrhaus oder Colleg der P. P. Barnabiten;Kleine Kirchengasse;Domkapitel;Kleine Kirchengasse 18
495;19;Spittelberg, Mariahilf;48.1987335;16.3537818;Behsel Stadtplan, WStLA, P1: 295/11G;Mariahilf;;;;Kleine Kirchengasse;Bürgerspital in Wien;Kleine Kirchengasse 19
496;20;Spittelberg, Mariahilf;48.1985581;16.3539786;Behsel Stadtplan, WStLA, P1: 295/11G;Mariahilf;;;;Kleine Kirchengasse;"Domkapitel;Bürgerspital in Wien";Kleine Kirchengasse 20
497;21;Spittelberg, Mariahilf;48.1984365;16.3541374;Behsel Stadtplan, WStLA, P1: 295/11G;Mariahilf;;;;Kleine Kirchengasse;"Domkapitel;Bürgerspital in Wien";Kleine Kirchengasse 21
498;22;Spittelberg, Mariahilf;48.198318;16.3542867;Behsel Stadtplan, WStLA, P1: 295/11G;Mariahilf;;;;Kleine Kirchengasse;"Domkapitel;Bürgerspital in Wien";Kleine Kirchengasse 22
499;23;Spittelberg, Mariahilf;48.1981868;16.3544431;Behsel Stadtplan, WStLA, P1: 295/11G;Mariahilf;;;;Kleine Kirchengasse;"Domkapitel;Bürgerspital in Wien";Kleine Kirchengasse 23
500;24;Spittelberg, Mariahilf;48.1980557;16.3547702;Behsel Stadtplan, WStLA, P1: 295/11G;Mariahilf;;;;Kleine Kirchengasse;"Domkapitel;Bürgerspital in Wien";Kleine Kirchengasse 24
501;25;Spittelberg, Mariahilf;48.1981094;16.3550594;Behsel Stadtplan, WStLA, P1: 295/11G;Mariahilf;;;;Kleine Kirchengasse;"Domkapitel;Bürgerspital in Wien";Kleine Kirchengasse 25
502;160;Spittelberg, Mariahilf;48.1987556;16.3559388;Behsel Stadtplan, WStLA, P1: 295/11G;Mariahilf;;;;Windmühlgasse;Domkapitel;Windmühlgasse 160
503;163;Spittelberg, Mariahilf;48.1989373;16.3561569;Behsel Stadtplan, WStLA, P1: 295/11G;Mariahilf;;;;Windmühlgasse;Domkapitel;Windmühlgasse 163
504;26;Spittelberg, Mariahilf;48.1981789;16.354154;Behsel Stadtplan, WStLA, P1: 295/11G;Mariahilf;;;;Kleine Kirchengasse;Bürgerspital in Wien;Kleine Kirchengasse 26
505;27;Spittelberg, Mariahilf;48.1983432;16.353943;Behsel Stadtplan, WStLA, P1: 295/11G;Mariahilf;;;;Kleine Kirchengasse;Bürgerspital in Wien;Kleine Kirchengasse 27
506;28;Spittelberg, Mariahilf;48.1984649;16.3537818;Behsel Stadtplan, WStLA, P1: 295/11G;Mariahilf;;;;Kleine Kirchengasse;Bürgerspital in Wien;Kleine Kirchengasse 28
507;29;Spittelberg, Mariahilf;48.1986008;16.3536088;Behsel Stadtplan, WStLA, P1: 295/11G;Mariahilf;;;;Kleine Kirchengasse;Bürgerspital in Wien;Kleine Kirchengasse 29
508;30;Spittelberg, Mariahilf;48.1985944;16.3531584;Behsel Stadtplan, WStLA, P1: 295/11G;Mariahilf;;;;Kleine Kirchengasse;Bürgerspital in Wien;Kleine Kirchengasse 30
509;31;Spittelberg, Mariahilf;48.1987746;16.3529854;Behsel Stadtplan, WStLA, P1: 295/11G;Mariahilf;;;Fener-Requisitien-Stadl der Gemeinde Mariahilf;Kleine Kirchengasse;Bürgerspital in Wien;Kleine Kirchengasse 31
510;32;Spittelberg, Mariahilf;48.1988773;16.3528693;Behsel Stadtplan, WStLA, P1: 295/11G;Mariahilf;;;;Kleine Kirchengasse;Bürgerspital in Wien;Kleine Kirchengasse 32
511;33;Spittelberg, Mariahilf;48.1991585;16.3525303;Behsel Stadtplan, WStLA, P1: 295/11G;Mariahilf;;;;Kleine Kirchengasse;Bürgerspital in Wien;Kleine Kirchengasse 33
512;34;Spittelberg, Mariahilf;48.1990969;16.3523668;Behsel Stadtplan, WStLA, P1: 295/11G;Mariahilf;15;;;Kleine Kirchengasse;Bürgerspital in Wien;Kleine Kirchengasse 34
513;35;Spittelberg, Mariahilf;48.1990115;16.3521463;Behsel Stadtplan, WStLA, P1: 295/11G;Mariahilf;16;;;Mariahilfer Hauptstraße;Domkapitel;Mariahilfer Hauptstraße 35
514;36;Spittelberg, Mariahilf;48.1989262;16.3519283;Behsel Stadtplan, WStLA, P1: 295/11G;Mariahilf;17;;;Mariahilfer Hauptstraße;Domkapitel;Mariahilfer Hauptstraße 36
515;37;Spittelberg, Mariahilf;48.1988299;16.3516699;Behsel Stadtplan, WStLA, P1: 295/11G;Mariahilf;18;;;Mariahilfer Hauptstraße;Domkapitel;Mariahilfer Hauptstraße 37
516;38;Spittelberg, Mariahilf;48.1986592;16.3512101;Behsel Stadtplan, WStLA, P1: 295/11G;Mariahilf;19;;;Mariahilfer Hauptstraße;Domkapitel;Mariahilfer Hauptstraße 38
517;39;Spittelberg, Mariahilf;48.1984665;16.3506341;Behsel Stadtplan, WStLA, P1: 295/11G;Mariahilf;20;;;Mariahilfer Hauptstraße;Domkapitel;Mariahilfer Hauptstraße 39
518;40;Spittelberg, Mariahilf;48.1980683;16.3504658;Behsel Stadtplan, WStLA, P1: 295/11G;Mariahilf;"21;22;23";;;Mariahilfer Hauptstraße;Domkapitel;Mariahilfer Hauptstraße 40
519;41;Spittelberg, Mariahilf;48.1980747;16.3501529;Behsel Stadtplan, WStLA, P1: 295/11G;Mariahilf;22;;;Mariahilfer Hauptstraße;Domkapitel;Mariahilfer Hauptstraße 41
520;42;Spittelberg, Mariahilf;48.1980257;16.349904;Behsel Stadtplan, WStLA, P1: 295/11G;Mariahilf;23;;;Mariahilfer Hauptstraße;Domkapitel;Mariahilfer Hauptstraße 42
521;43;Spittelberg, Mariahilf;48.1979103;16.3495272;Behsel Stadtplan, WStLA, P1: 295/11G;Mariahilf;24;;;Mariahilfer Hauptstraße;Domkapitel;Mariahilfer Hauptstraße 43
522;44;Spittelberg, Mariahilf;48.1977887;16.3491289;Behsel Stadtplan, WStLA, P1: 295/11G;Mariahilf;25;;;Mariahilfer Hauptstraße;Domkapitel;Mariahilfer Hauptstraße 44
523;45;Spittelberg, Mariahilf;48.1976749;16.3488256;Behsel Stadtplan, WStLA, P1: 295/11G;Mariahilf;26;;;Mariahilfer Hauptstraße;Domkapitel;Mariahilfer Hauptstraße 45
524;65;Spittelberg, Mariahilf;48.1975643;16.3484925;Behsel Stadtplan, WStLA, P1: 295/11G;Mariahilf;47;;;Mariahilfer Hauptstraße;Domkapitel;Mariahilfer Hauptstraße 65
525;66;Spittelberg, Mariahilf;48.1974917;16.3482673;Behsel Stadtplan, WStLA, P1: 295/11G;Mariahilf;48;;;Mariahilfer Hauptstraße;Domkapitel;Mariahilfer Hauptstraße 66
526;67;Spittelberg, Mariahilf;48.1974142;16.3480279;Behsel Stadtplan, WStLA, P1: 295/11G;Mariahilf;49;;;Mariahilfer Hauptstraße;Domkapitel;Mariahilfer Hauptstraße 67
527;46;Spittelberg, Mariahilf;48.1970343;16.3494406;Behsel Stadtplan, WStLA, P1: 295/11G;Mariahilf;27;;;Neue Gasse;Domkapitel;Neue Gasse 46
528;47;Spittelberg, Mariahilf;48.1969173;16.3495757;Behsel Stadtplan, WStLA, P1: 295/11G;Mariahilf;28;;;Neue Gasse;Domkapitel;Neue Gasse 47
529;48;Spittelberg, Mariahilf;48.1967783;16.3497464;Behsel Stadtplan, WStLA, P1: 295/11G;Mariahilf;29;;;Neue Gasse;Domkapitel;Neue Gasse 48
530;49;Spittelberg, Mariahilf;48.1964133;16.3501968;Behsel Stadtplan, WStLA, P1: 295/11G;Mariahilf;32;;;Neue Gasse;Domkapitel;Neue Gasse 49
531;50;Spittelberg, Mariahilf;48.1962711;16.3503579;Behsel Stadtplan, WStLA, P1: 295/11G;Mariahilf;33;;;Neue Gasse;Domkapitel;Neue Gasse 50
532;51;Spittelberg, Mariahilf;48.1957545;16.3511401;Behsel Stadtplan, WStLA, P1: 295/11G;Mariahilf;34;;;Gumpendorfer Hauptstraße;Domkapitel;Gumpendorfer Hauptstraße 51
533;52;Spittelberg, Mariahilf;48.1959812;16.3511899;Behsel Stadtplan, WStLA, P1: 295/11G;Mariahilf;35;;;Gumpendorfer Hauptstraße;Domkapitel;Gumpendorfer Hauptstraße 52
534;53;Spittelberg, Mariahilf;48.1961621;16.3513665;Behsel Stadtplan, WStLA, P1: 295/11G;Mariahilf;36;;;Gumpendorfer Hauptstraße;Domkapitel;Gumpendorfer Hauptstraße 53
535;54;Spittelberg, Mariahilf;48.1963296;16.3515466;Behsel Stadtplan, WStLA, P1: 295/11G;Mariahilf;37;;;Gumpendorfer Hauptstraße;Domkapitel;Gumpendorfer Hauptstraße 54
536;55;Spittelberg, Mariahilf;48.1953784;16.3509636;Behsel Stadtplan, WStLA, P1: 295/11G;Mariahilf;;;;Gumpendorfer Hauptstraße;Domkapitel;Gumpendorfer Hauptstraße 55
537;56;Spittelberg, Mariahilf;48.1955728;16.3509019;Behsel Stadtplan, WStLA, P1: 295/11G;Mariahilf;38;;;Neue Gasse;Domkapitel;Neue Gasse 56
538;57;Spittelberg, Mariahilf;48.1961463;16.3501411;Behsel Stadtplan, WStLA, P1: 295/11G;Mariahilf;39;;;Neue Gasse;Domkapitel;Neue Gasse 57
539;58;Spittelberg, Mariahilf;48.1962569;16.3500012;Behsel Stadtplan, WStLA, P1: 295/11G;Mariahilf;40;;;Neue Gasse;Domkapitel;Neue Gasse 58
540;59;Spittelberg, Mariahilf;48.1963722;16.3498448;Behsel Stadtplan, WStLA, P1: 295/11G;Mariahilf;41;;;Neue Gasse;Domkapitel;Neue Gasse 59
541;60;Spittelberg, Mariahilf;48.1965129;16.3497144;Behsel Stadtplan, WStLA, P1: 295/11G;Mariahilf;42;;;Neue Gasse;Domkapitel;Neue Gasse 60
542;61;Spittelberg, Mariahilf;48.1966361;16.3495746;Behsel Stadtplan, WStLA, P1: 295/11G;Mariahilf;43;;;Neue Gasse;Domkapitel;Neue Gasse 61
543;62;Spittelberg, Mariahilf;48.1967467;16.3494347;Behsel Stadtplan, WStLA, P1: 295/11G;Mariahilf;44;;;Neue Gasse;Domkapitel;Neue Gasse 62
544;63;Spittelberg, Mariahilf;48.1968557;16.349302;Behsel Stadtplan, WStLA, P1: 295/11G;Mariahilf;45;;;Neue Gasse;Domkapitel;Neue Gasse 63
545;64;Spittelberg, Mariahilf;48.1969489;16.3492001;Behsel Stadtplan, WStLA, P1: 295/11G;Mariahilf;46;;;Neue Gasse;Domkapitel;Neue Gasse 64
546;68;Spittelberg, Mariahilf;48.1990645;16.3514898;Behsel Stadtplan, WStLA, P1: 295/11G;Mariahilf;50;;;Mariahilfer Hauptstraße;Domkapitel;Mariahilfer Hauptstraße 68
547;69;Spittelberg, Mariahilf;48.1991419;16.3517292;Behsel Stadtplan, WStLA, P1: 295/11G;Mariahilf;51;;;Mariahilfer Hauptstraße;Domkapitel;Mariahilfer Hauptstraße 69
548;70;Spittelberg, Mariahilf;48.199243;16.3519757;Behsel Stadtplan, WStLA, P1: 295/11G;Mariahilf;52;;;Mariahilfer Hauptstraße;Domkapitel;Mariahilfer Hauptstraße 70
549;71;Spittelberg, Mariahilf;48.1993141;16.3522032;Behsel Stadtplan, WStLA, P1: 295/11G;Mariahilf;53;;;Mariahilfer Hauptstraße;Domkapitel;Mariahilfer Hauptstraße 71
550;72;Spittelberg, Mariahilf;48.1994042;16.3524426;Behsel Stadtplan, WStLA, P1: 295/11G;Mariahilf;54;;;Mariahilfer Hauptstraße;Domkapitel;Mariahilfer Hauptstraße 72
551;73;Spittelberg, Mariahilf;48.1994863;16.3526844;Behsel Stadtplan, WStLA, P1: 295/11G;Mariahilf;55;;;Mariahilfer Hauptstraße;Domkapitel;Mariahilfer Hauptstraße 73
552;74;Spittelberg, Mariahilf;48.1996348;16.3530897;Behsel Stadtplan, WStLA, P1: 295/11G;Mariahilf;61;;;Mariahilfer Hauptstraße;Domkapitel;Mariahilfer Hauptstraße 74
553;75;Spittelberg, Mariahilf;48.1997027;16.3533338;Behsel Stadtplan, WStLA, P1: 295/11G;Mariahilf;62;;;Mariahilfer Hauptstraße;Domkapitel;Mariahilfer Hauptstraße 75
554;76;Spittelberg, Mariahilf;48.1997738;16.3535543;Behsel Stadtplan, WStLA, P1: 295/11G;Mariahilf;63;;;Mariahilfer Hauptstraße;Domkapitel;Mariahilfer Hauptstraße 76
555;77;Spittelberg, Mariahilf;48.1998418;16.3537676;Behsel Stadtplan, WStLA, P1: 295/11G;Mariahilf;64;;;Mariahilfer Hauptstraße;Domkapitel;Mariahilfer Hauptstraße 77
556;78;Spittelberg, Mariahilf;48.1999066;16.3539738;Behsel Stadtplan, WStLA, P1: 295/11G;Mariahilf;65;;;Mariahilfer Hauptstraße;Domkapitel;Mariahilfer Hauptstraße 78
557;79;Spittelberg, Mariahilf;48.1999761;16.3541943;Behsel Stadtplan, WStLA, P1: 295/11G;Mariahilf;66;;;Mariahilfer Hauptstraße;Domkapitel;Mariahilfer Hauptstraße 79
558;80;Spittelberg, Mariahilf;48.2000456;16.3544147;Behsel Stadtplan, WStLA, P1: 295/11G;Mariahilf;67;;;Mariahilfer Hauptstraße;Domkapitel;Mariahilfer Hauptstraße 80
559;81;Spittelberg, Mariahilf;48.2001072;16.354628;Behsel Stadtplan, WStLA, P1: 295/11G;Mariahilf;68;;;Mariahilfer Hauptstraße;Domkapitel;Mariahilfer Hauptstraße 81
560;82;Spittelberg, Mariahilf;48.2001799;16.3548508;Behsel Stadtplan, WStLA, P1: 295/11G;Mariahilf;69;;;Mariahilfer Hauptstraße;Domkapitel;Mariahilfer Hauptstraße 82
561;83;Spittelberg, Mariahilf;48.2002462;16.3550523;Behsel Stadtplan, WStLA, P1: 295/11G;Mariahilf;70;;;Mariahilfer Hauptstraße;Domkapitel;Mariahilfer Hauptstraße 83
562;84;Spittelberg, Mariahilf;48.2003284;16.355313;Behsel Stadtplan, WStLA, P1: 295/11G;Mariahilf;71;;;Mariahilfer Hauptstraße;Domkapitel;Mariahilfer Hauptstraße 84
563;85;Spittelberg, Mariahilf;48.2004121;16.355588;Behsel Stadtplan, WStLA, P1: 295/11G;Mariahilf;72;;;Mariahilfer Hauptstraße;Domkapitel;Mariahilfer Hauptstraße 85
564;86;Spittelberg, Mariahilf;48.2008023;16.3554078;Behsel Stadtplan, WStLA, P1: 295/11G;Mariahilf;73;;;Stifgasse;Domkapitel;Stifgasse 86
565;87;Spittelberg, Mariahilf;48.2009445;16.355313;Behsel Stadtplan, WStLA, P1: 295/11G;Mariahilf;74;;;Stifgasse;Domkapitel;Stifgasse 87
566;88;Spittelberg, Mariahilf;48.2010772;16.355204;Behsel Stadtplan, WStLA, P1: 295/11G;Mariahilf;75;;;Stifgasse;Domkapitel;Stifgasse 88
567;89;Spittelberg, Mariahilf;48.2011989;16.3551258;Behsel Stadtplan, WStLA, P1: 295/11G;Mariahilf;76;;;Stifgasse;Domkapitel;Stifgasse 89
568;90;Spittelberg, Mariahilf;48.2013347;16.3550405;Behsel Stadtplan, WStLA, P1: 295/11G;Mariahilf;77;;;Stifgasse;Domkapitel;Stifgasse 90
569;91;Spittelberg, Mariahilf;48.2016239;16.3548579;Behsel Stadtplan, WStLA, P1: 295/11G;Mariahilf;121;;;Stifgasse;Domkapitel;Stifgasse 91
570;92;Spittelberg, Mariahilf;48.2017976;16.3547347;Behsel Stadtplan, WStLA, P1: 295/11G;Mariahilf;122;;;Stifgasse;Domkapitel;Stifgasse 92
571;93;Spittelberg, Mariahilf;48.2019161;16.3546612;Behsel Stadtplan, WStLA, P1: 295/11G;Mariahilf;123;;;Stifgasse;Domkapitel;Stifgasse 93
572;94;Spittelberg, Mariahilf;48.2020204;16.3545948;Behsel Stadtplan, WStLA, P1: 295/11G;Mariahilf;124;;;Stifgasse;Domkapitel;Stifgasse 94
573;95;Spittelberg, Mariahilf;48.2021957;16.3544621;Behsel Stadtplan, WStLA, P1: 295/11G;Mariahilf;125;;;Stifgasse;Domkapitel;Stifgasse 95
574;96;Spittelberg, Mariahilf;48.2022479;16.3539525;Behsel Stadtplan, WStLA, P1: 295/11G;Mariahilf;126;;;Siebensterngasse;Domkapitel;Siebensterngasse 96
575;97;Spittelberg, Mariahilf;48.2022289;16.3537771;Behsel Stadtplan, WStLA, P1: 295/11G;Mariahilf;127;;;Siebensterngasse;Domkapitel;Siebensterngasse 97
576;98;Spittelberg, Mariahilf;48.20221;16.3535235;Behsel Stadtplan, WStLA, P1: 295/11G;Mariahilf;128;;;Siebensterngasse;Domkapitel;Siebensterngasse 98
577;99;Spittelberg, Mariahilf;48.2021815;16.3532604;Behsel Stadtplan, WStLA, P1: 295/11G;Mariahilf;129;;;Siebensterngasse;Domkapitel;Siebensterngasse 99
578;100;Spittelberg, Mariahilf;48.2021578;16.3530352;Behsel Stadtplan, WStLA, P1: 295/11G;Mariahilf;130;;;Siebensterngasse;Domkapitel;Siebensterngasse 100
579;101;Spittelberg, Mariahilf;48.2021183;16.3528029;Behsel Stadtplan, WStLA, P1: 295/11G;Mariahilf;131;;;Siebensterngasse;Domkapitel;Siebensterngasse 101
580;102;Spittelberg, Mariahilf;48.2020946;16.3525445;Behsel Stadtplan, WStLA, P1: 295/11G;Mariahilf;132;;;Siebensterngasse;Domkapitel;Siebensterngasse 102
581;103;Spittelberg, Mariahilf;48.2019935;16.3515301;Behsel Stadtplan, WStLA, P1: 295/11G;Mariahilf;105;;;Mondscheingasse;Domkapitel;Mondscheingasse 103
582;104;Spittelberg, Mariahilf;48.2014185;16.3512006;Behsel Stadtplan, WStLA, P1: 295/11G;Mariahilf;133;;;Mondscheingasse;Domkapitel;Mondscheingasse 104
583;105;Spittelberg, Mariahilf;48.2012968;16.3510441;Behsel Stadtplan, WStLA, P1: 295/11G;Mariahilf;134;;Gemeinde Grundspital;Mondscheingasse;Domkapitel;Mondscheingasse 105
584;106;Spittelberg, Mariahilf;48.2010835;16.3507763;Behsel Stadtplan, WStLA, P1: 295/11G;Mariahilf;135;;;Mondscheingasse;Domkapitel;Mondscheingasse 106
585;107;Spittelberg, Mariahilf;48.2008592;16.3506602;Behsel Stadtplan, WStLA, P1: 295/11G;Mariahilf;136;;;Rittergasse;Domkapitel;Rittergasse 107
586;108;Spittelberg, Mariahilf;48.2006965;16.3507028;Behsel Stadtplan, WStLA, P1: 295/11G;Mariahilf;137;;;Rittergasse;Domkapitel;Rittergasse 108
587;109;Spittelberg, Mariahilf;48.2005701;16.3507194;Behsel Stadtplan, WStLA, P1: 295/11G;Mariahilf;138;;;Rittergasse;Domkapitel;Rittergasse 109
588;110;Spittelberg, Mariahilf;48.2004232;16.350755;Behsel Stadtplan, WStLA, P1: 295/11G;Mariahilf;139;;;Rittergasse;Domkapitel;Rittergasse 110
589;111;Spittelberg, Mariahilf;48.2000329;16.3508427;Behsel Stadtplan, WStLA, P1: 295/11G;Mariahilf;90;;;Rittergasse;Domkapitel;Rittergasse 111
590;112;Spittelberg, Mariahilf;48.199886;16.3508972;Behsel Stadtplan, WStLA, P1: 295/11G;Mariahilf;91;;;Rittergasse;Domkapitel;Rittergasse 112
591;113;Spittelberg, Mariahilf;48.1997328;16.3509636;Behsel Stadtplan, WStLA, P1: 295/11G;Mariahilf;92;;;Rittergasse;Domkapitel;Rittergasse 113
592;114;Spittelberg, Mariahilf;48.1996064;16.3510038;Behsel Stadtplan, WStLA, P1: 295/11G;Mariahilf;93;;;Rittergasse;Domkapitel;Rittergasse 114
593;115;Spittelberg, Mariahilf;48.2002115;16.3512504;Behsel Stadtplan, WStLA, P1: 295/11G;Mariahilf;89;;;Leopoldigasse;Domkapitel;Leopoldigasse 115
594;116;Spittelberg, Mariahilf;48.2002668;16.3514424;Behsel Stadtplan, WStLA, P1: 295/11G;Mariahilf;88;;;Leopoldigasse;Domkapitel;Leopoldigasse 116
595;117;Spittelberg, Mariahilf;48.2003173;16.3516367;Behsel Stadtplan, WStLA, P1: 295/11G;Mariahilf;87;;;Leopoldigasse;Domkapitel;Leopoldigasse 117
596;118;Spittelberg, Mariahilf;48.2003726;16.3518145;Behsel Stadtplan, WStLA, P1: 295/11G;Mariahilf;86;;;Leopoldigasse;Domkapitel;Leopoldigasse 118
597;119;Spittelberg, Mariahilf;48.2004358;16.3520017;Behsel Stadtplan, WStLA, P1: 295/11G;Mariahilf;85;;;Leopoldigasse;Domkapitel;Leopoldigasse 119
598;120;Spittelberg, Mariahilf;48.2004911;16.352208;Behsel Stadtplan, WStLA, P1: 295/11G;Mariahilf;84;;;Leopoldigasse;Domkapitel;Leopoldigasse 120
599;121;Spittelberg, Mariahilf;48.2001198;16.3524876;Behsel Stadtplan, WStLA, P1: 295/11G;Mariahilf;56;;;Große Kirchengasse;Domkapitel;Große Kirchengasse 121
600;122;Spittelberg, Mariahilf;48.2001609;16.3527342;Behsel Stadtplan, WStLA, P1: 295/11G;Mariahilf;60;;;Große Kirchengasse;Domkapitel;Große Kirchengasse 122
601;123;Spittelberg, Mariahilf;48.200292;16.3526891;Behsel Stadtplan, WStLA, P1: 295/11G;Mariahilf;59;;;Große Kirchengasse;Domkapitel;Große Kirchengasse 123
602;124;Spittelberg, Mariahilf;48.2004311;16.3526299;Behsel Stadtplan, WStLA, P1: 295/11G;Mariahilf;58;;;Große Kirchengasse;Domkapitel;Große Kirchengasse 124
603;125;Spittelberg, Mariahilf;48.2005606;16.3525635;Behsel Stadtplan, WStLA, P1: 295/11G;Mariahilf;57;;;Große Kirchengasse;Domkapitel;Große Kirchengasse 125
604;126;Spittelberg, Mariahilf;48.2008023;16.3531727;Behsel Stadtplan, WStLA, P1: 295/11G;Mariahilf;83;;;Josephigasse;Domkapitel;Josephigasse 126
605;127;Spittelberg, Mariahilf;48.200864;16.3533789;Behsel Stadtplan, WStLA, P1: 295/11G;Mariahilf;82;;;Josephigasse;Domkapitel;Josephigasse 127
606;128;Spittelberg, Mariahilf;48.2009319;16.3536041;Behsel Stadtplan, WStLA, P1: 295/11G;Mariahilf;81;;;Josephigasse;Domkapitel;Josephigasse 128
607;129;Spittelberg, Mariahilf;48.2010077;16.3538387;Behsel Stadtplan, WStLA, P1: 295/11G;Mariahilf;80;;;Josephigasse;Domkapitel;Josephigasse 129
608;130;Spittelberg, Mariahilf;48.2010725;16.3540473;Behsel Stadtplan, WStLA, P1: 295/11G;Mariahilf;79;;;Josephigasse;Domkapitel;Josephigasse 130
609;131;Spittelberg, Mariahilf;48.2011388;16.3542677;Behsel Stadtplan, WStLA, P1: 295/11G;Mariahilf;78;;;Josephigasse;Domkapitel;Josephigasse 131
610;161;Spittelberg, Mariahilf;48.2011914;16.3544686;Behsel Stadtplan, WStLA, P1: 295/11G;Mariahilf;;;;Josephigasse;Domkapitel;Josephigasse 161
611;132;Spittelberg, Mariahilf;48.2012897;16.3541617;Behsel Stadtplan, WStLA, P1: 295/11G;Mariahilf;120;;;Josephigasse;Domkapitel;Josephigasse 132
612;133;Spittelberg, Mariahilf;48.2012242;16.3539483;Behsel Stadtplan, WStLA, P1: 295/11G;Mariahilf;119;;;Josephigasse;Domkapitel;Josephigasse 133
613;134;Spittelberg, Mariahilf;48.2011665;16.353735;Behsel Stadtplan, WStLA, P1: 295/11G;Mariahilf;118;;;Josephigasse;Domkapitel;Josephigasse 134
614;135;Spittelberg, Mariahilf;48.2011057;16.3535252;Behsel Stadtplan, WStLA, P1: 295/11G;Mariahilf;117;;;Josephigasse;Domkapitel;Josephigasse 135
615;136;Spittelberg, Mariahilf;48.2010425;16.3533001;Behsel Stadtplan, WStLA, P1: 295/11G;Mariahilf;116;;;Josephigasse;Domkapitel;Josephigasse 136
616;137;Spittelberg, Mariahilf;48.200973;16.3530749;Behsel Stadtplan, WStLA, P1: 295/11G;Mariahilf;115;;;Josephigasse;Domkapitel;Josephigasse 137
617;138;Spittelberg, Mariahilf;48.2008197;16.352442;Behsel Stadtplan, WStLA, P1: 295/11G;Mariahilf;114;;;Große Kirchengasse;Domkapitel;Große Kirchengasse 138
618;139;Spittelberg, Mariahilf;48.2009603;16.352378;Behsel Stadtplan, WStLA, P1: 295/11G;Mariahilf;113;;;Große Kirchengasse;Domkapitel;Große Kirchengasse 139
619;140;Spittelberg, Mariahilf;48.2011167;16.3523235;Behsel Stadtplan, WStLA, P1: 295/11G;Mariahilf;112;;;Große Kirchengasse;Domkapitel;Große Kirchengasse 140
620;141;Spittelberg, Mariahilf;48.2012558;16.3522619;Behsel Stadtplan, WStLA, P1: 295/11G;Mariahilf;111;;;Große Kirchengasse;Domkapitel;Große Kirchengasse 141
621;142;Spittelberg, Mariahilf;48.2014011;16.3521884;Behsel Stadtplan, WStLA, P1: 295/11G;Mariahilf;110;;;Große Kirchengasse;Domkapitel;Große Kirchengasse 142
622;143;Spittelberg, Mariahilf;48.2015322;16.3521457;Behsel Stadtplan, WStLA, P1: 295/11G;Mariahilf;109;;;Große Kirchengasse;Domkapitel;Große Kirchengasse 143
623;144;Spittelberg, Mariahilf;48.201676;16.3520817;Behsel Stadtplan, WStLA, P1: 295/11G;Mariahilf;108;;;Große Kirchengasse;Domkapitel;Große Kirchengasse 144
624;145;Spittelberg, Mariahilf;48.2017945;16.3520343;Behsel Stadtplan, WStLA, P1: 295/11G;Mariahilf;107;;;Große Kirchengasse;Domkapitel;Große Kirchengasse 145
625;146;Spittelberg, Mariahilf;48.2019714;16.3519632;Behsel Stadtplan, WStLA, P1: 295/11G;Mariahilf;106;;;Große Kirchengasse;Domkapitel;Große Kirchengasse 146
626;147;Spittelberg, Mariahilf;48.2016997;16.351821;Behsel Stadtplan, WStLA, P1: 295/11G;Mariahilf;104;;;Große Kirchengasse;Domkapitel;Große Kirchengasse 147
627;148;Spittelberg, Mariahilf;48.2015417;16.3518921;Behsel Stadtplan, WStLA, P1: 295/11G;Mariahilf;103;;;Große Kirchengasse;Domkapitel;Große Kirchengasse 148
628;149;Spittelberg, Mariahilf;48.2014058;16.3519348;Behsel Stadtplan, WStLA, P1: 295/11G;Mariahilf;102;;;Große Kirchengasse;Domkapitel;Große Kirchengasse 149
629;150;Spittelberg, Mariahilf;48.2012763;16.3519893;Behsel Stadtplan, WStLA, P1: 295/11G;Mariahilf;101;;;Große Kirchengasse;Domkapitel;Große Kirchengasse 150
630;151;Spittelberg, Mariahilf;48.2011404;16.3520486;Behsel Stadtplan, WStLA, P1: 295/11G;Mariahilf;100;;;Große Kirchengasse;Domkapitel;Große Kirchengasse 151
631;152;Spittelberg, Mariahilf;48.2006807;16.3521837;Behsel Stadtplan, WStLA, P1: 295/11G;Mariahilf;99;;;Große Kirchengasse;Domkapitel;Große Kirchengasse 152
632;153;Spittelberg, Mariahilf;48.2006286;16.3519917;Behsel Stadtplan, WStLA, P1: 295/11G;Mariahilf;98;;;Leopoldigasse;Domkapitel;Leopoldigasse 153
633;154;Spittelberg, Mariahilf;48.2005654;16.351802;Behsel Stadtplan, WStLA, P1: 295/11G;Mariahilf;97;;;Leopoldigasse;Domkapitel;Leopoldigasse 154
634;155;Spittelberg, Mariahilf;48.2005132;16.3516077;Behsel Stadtplan, WStLA, P1: 295/11G;Mariahilf;96;;;Leopoldigasse;Domkapitel;Leopoldigasse 155
635;156;Spittelberg, Mariahilf;48.2004548;16.3514204;Behsel Stadtplan, WStLA, P1: 295/11G;Mariahilf;95;;;Leopoldigasse;Domkapitel;Leopoldigasse 156
636;157;Spittelberg, Mariahilf;48.2003868;16.3512118;Behsel Stadtplan, WStLA, P1: 295/11G;Mariahilf;64;;;Leopoldigasse;Domkapitel;Leopoldigasse 157
637;158;Spittelberg, Mariahilf;48.2002936;16.350925;Behsel Stadtplan, WStLA, P1: 295/11G;Mariahilf;;;;Leopoldigasse;Domkapitel;Leopoldigasse 158
