id;Adresse;Hausnummer;alte_1795_1821;ältere_1770_1795;Hausinhaber;Gassen und Plätze;Latitude;Longitude;Vorstadt;Viertel;reference;Grundobrigkeit
0;An der Holzstraße 1;1;1;;;An der Holzstraße;48.2191505;16.3644568;Rossau;Rossau;Behsel Stadtplan, WStLA, P1: 295/19G;Magistrat der Stadt Wien
1;An der Holzstraße 2;2;2;;;An der Holzstraße;48.2191615;16.3647794;Rossau;Rossau;Behsel Stadtplan, WStLA, P1: 295/19G;Magistrat der Stadt Wien
2;An der Holzstraße 3;3;3;;;An der Holzstraße;48.2191818;16.3650845;Rossau;Rossau;Behsel Stadtplan, WStLA, P1: 295/19G;Magistrat der Stadt Wien
3;An der Holzstraße 4;4;4;;;An der Holzstraße;48.2192258;16.3654236;Rossau;Rossau;Behsel Stadtplan, WStLA, P1: 295/19G;Magistrat der Stadt Wien
4;An der Holzstraße 5;5;5;;;An der Holzstraße;48.2192721;16.3656914;Rossau;Rossau;Behsel Stadtplan, WStLA, P1: 295/19G;Magistrat der Stadt Wien
5;Weiße Hahngasse 6;6;6;;;Weiße Hahngasse;48.2197703;16.3655244;Rossau;Rossau;Behsel Stadtplan, WStLA, P1: 295/19G;Magistrat der Stadt Wien
6;Weiße Hahngasse 7;7;7;;;Weiße Hahngasse;48.2200229;16.3654027;Rossau;Rossau;Behsel Stadtplan, WStLA, P1: 295/19G;Magistrat der Stadt Wien
7;Weiße Hahngasse 8;8;8;;;Weiße Hahngasse;48.2202013;16.3653366;Rossau;Rossau;Behsel Stadtplan, WStLA, P1: 295/19G;Magistrat der Stadt Wien
8;Weiße Hahngasse 9;9;9;;;Weiße Hahngasse;48.2203982;16.3652671;Rossau;Rossau;Behsel Stadtplan, WStLA, P1: 295/19G;Magistrat der Stadt Wien
9;Weiße Hahngasse 10;10;10;;;Weiße Hahngasse;48.2212115;16.365048;Rossau;Rossau;Behsel Stadtplan, WStLA, P1: 295/19G;Magistrat der Stadt Wien
10;Weiße Hahngasse 11;11;11;;;Weiße Hahngasse;48.2213505;16.365055;Rossau;Rossau;Behsel Stadtplan, WStLA, P1: 295/19G;Magistrat der Stadt Wien
11;Weiße Hahngasse 12;12;124;;;Weiße Hahngasse;48.2218997;16.3652045;Rossau;Rossau;Behsel Stadtplan, WStLA, P1: 295/19G;Magistrat der Stadt Wien
12;Weiße Hahngasse 13;13;122;;;Weiße Hahngasse;48.2206809;16.3653888;Rossau;Rossau;Behsel Stadtplan, WStLA, P1: 295/19G;Magistrat der Stadt Wien
13;Weiße Hahngasse 14;14;126;;;Weiße Hahngasse;48.2204376;16.3654723;Rossau;Rossau;Behsel Stadtplan, WStLA, P1: 295/19G;Magistrat der Stadt Wien
14;Weiße Hahngasse 15;15;13;;;Weiße Hahngasse;48.2202106;16.3655557;Rossau;Rossau;Behsel Stadtplan, WStLA, P1: 295/19G;Magistrat der Stadt Wien
15;Weiße Hahngasse 16;16;14;;;Weiße Hahngasse;48.2200507;16.3656357;Rossau;Rossau;Behsel Stadtplan, WStLA, P1: 295/19G;Magistrat der Stadt Wien
16;Weiße Hahngasse neben Nr. 17 138;138;76;;;Weiße Hahngasse neben Nr. 17;48.2197773;16.3657401;Rossau;Rossau;Behsel Stadtplan, WStLA, P1: 295/19G;Magistrat der Stadt Wien
17;An der Holzstraße 17;17;15;;;An der Holzstraße;48.2193625;16.3660913;Rossau;Rossau;Behsel Stadtplan, WStLA, P1: 295/19G;Magistrat der Stadt Wien
18;An der Holzstraße 18;18;16;;;An der Holzstraße;48.2194598;16.3664912;Rossau;Rossau;Behsel Stadtplan, WStLA, P1: 295/19G;Magistrat der Stadt Wien
19;An der Holzstraße 19;19;17;;;An der Holzstraße;48.2195108;16.3666964;Rossau;Rossau;Behsel Stadtplan, WStLA, P1: 295/19G;Magistrat der Stadt Wien
20;An der Holzstraße 20;20;18;;;An der Holzstraße;48.2196058;16.3669503;Rossau;Rossau;Behsel Stadtplan, WStLA, P1: 295/19G;Magistrat der Stadt Wien
21;An der Holzstraße 21;21;19;;;An der Holzstraße;48.2197495;16.3673572;Rossau;Rossau;Behsel Stadtplan, WStLA, P1: 295/19G;Magistrat der Stadt Wien
22;An der Donau 22;22;"22;23";;;An der Donau;48.2194714;16.3681918;Rossau;Rossau;Behsel Stadtplan, WStLA, P1: 295/19G;Magistrat der Stadt Wien
23;An der Donau 23;23;21;;K. K. Mauthhaus;An der Donau;48.2196591;16.3679797;Rossau;Rossau;Behsel Stadtplan, WStLA, P1: 295/19G;Magistrat der Stadt Wien
24;An der Donau 24;24;20;;;An der Donau;48.2195664;16.3677571;Rossau;Rossau;Behsel Stadtplan, WStLA, P1: 295/19G;Magistrat der Stadt Wien
25;Gestättengasse 25;25;129;;;Gestättengasse;48.2203519;16.3673154;Rossau;Rossau;Behsel Stadtplan, WStLA, P1: 295/19G;Magistrat der Stadt Wien
26;Gestättengasse 26;26;24;;;Gestättengasse;48.2205535;16.3672285;Rossau;Rossau;Behsel Stadtplan, WStLA, P1: 295/19G;Magistrat der Stadt Wien
27;Gestättengasse 27;27;25;;K. K. Bauholzstadl;Gestättengasse;48.2215289;16.3668425;Rossau;Rossau;Behsel Stadtplan, WStLA, P1: 295/19G;Magistrat der Stadt Wien
28;Gestättengasse 28;28;121;;;Gestättengasse;48.2220132;16.3666408;Rossau;Rossau;Behsel Stadtplan, WStLA, P1: 295/19G;Magistrat der Stadt Wien
29;Gestättengasse 29;29;26;;;Gestättengasse;48.2222565;16.3665017;Rossau;Rossau;Behsel Stadtplan, WStLA, P1: 295/19G;Magistrat der Stadt Wien
30;Gestättengasse 30;30;27;;;Gestättengasse;48.2223816;16.3668668;Rossau;Rossau;Behsel Stadtplan, WStLA, P1: 295/19G;Magistrat der Stadt Wien
31;Gestättengasse 31;31;28;;;Gestättengasse;48.2230164;16.3668877;Rossau;Rossau;Behsel Stadtplan, WStLA, P1: 295/19G;Magistrat der Stadt Wien
32;Gestättengasse 32;32;29;;;Gestättengasse;48.2233489;16.3668668;Rossau;Rossau;Behsel Stadtplan, WStLA, P1: 295/19G;Magistrat der Stadt Wien
33;Gestättengasse 33;33;30;;;Gestättengasse;48.2236791;16.3668442;Rossau;Rossau;Behsel Stadtplan, WStLA, P1: 295/19G;Magistrat der Stadt Wien
34;Gestättengasse 34;34;31;;;Gestättengasse;48.2239212;16.3668216;Rossau;Rossau;Behsel Stadtplan, WStLA, P1: 295/19G;Magistrat der Stadt Wien
35;Gestättengasse 35;35;32;;;Gestättengasse;48.2246707;16.3667086;Rossau;Rossau;Behsel Stadtplan, WStLA, P1: 295/19G;Magistrat der Stadt Wien
36;Gestättengasse 36;36;119;;;Gestättengasse;48.2250472;16.3665069;Rossau;Rossau;Behsel Stadtplan, WStLA, P1: 295/19G;Magistrat der Stadt Wien
37;Gestättengasse, zw. Nr. 36 und 37 139;139;0;;;Gestättengasse, zw. Nr. 36 und 37;48.2258673;16.366093;Rossau;Rossau;Behsel Stadtplan, WStLA, P1: 295/19G;Magistrat der Stadt Wien
38;Gestättengasse 37;37;33;;;Gestättengasse;48.2259403;16.3654844;Rossau;Rossau;Behsel Stadtplan, WStLA, P1: 295/19G;Magistrat der Stadt Wien
39;Gestättengasse 38;38;34;;;Gestättengasse;48.2262426;16.3654758;Rossau;Rossau;Behsel Stadtplan, WStLA, P1: 295/19G;Magistrat der Stadt Wien
40;Am Alserbach 39;39;35;;;Am Alserbach;48.2257272;16.3629597;Rossau;Rossau;Behsel Stadtplan, WStLA, P1: 295/19G;Magistrat der Stadt Wien
41;Rothe Löwengasse 40;40;36;;;Rothe Löwengasse;48.2250993;16.3635665;Rossau;Rossau;Behsel Stadtplan, WStLA, P1: 295/19G;Magistrat der Stadt Wien
42;Rothe Löwengasse 41;41;112;;;Rothe Löwengasse;48.2244668;16.3641977;Rossau;Rossau;Behsel Stadtplan, WStLA, P1: 295/19G;Magistrat der Stadt Wien
43;Rothe Löwengasse 42;42;120;;;Rothe Löwengasse;48.2240521;16.3646081;Rossau;Rossau;Behsel Stadtplan, WStLA, P1: 295/19G;Magistrat der Stadt Wien
44;Seegasse 43;43;37;;;Seegasse;48.2234393;16.3658166;Rossau;Rossau;Behsel Stadtplan, WStLA, P1: 295/19G;Magistrat der Stadt Wien
45;Judengasse 44;44;47;;;Judengasse;48.2233674;16.3641177;Rossau;Rossau;Behsel Stadtplan, WStLA, P1: 295/19G;Magistrat der Stadt Wien
46;Judengasse 45;45;46;;;Judengasse;48.2230767;16.3627058;Rossau;Rossau;Behsel Stadtplan, WStLA, P1: 295/19G;Magistrat der Stadt Wien
47;Judengasse 46;46;131;;;Judengasse;48.2231601;16.3620955;Rossau;Rossau;Behsel Stadtplan, WStLA, P1: 295/19G;Magistrat der Stadt Wien
48;Judengasse 47;47;132;;;Judengasse;48.2231728;16.3622468;Rossau;Rossau;Behsel Stadtplan, WStLA, P1: 295/19G;Magistrat der Stadt Wien
49;Judengasse 48;48;45;;;Judengasse;48.2232087;16.3625267;Rossau;Rossau;Behsel Stadtplan, WStLA, P1: 295/19G;Magistrat der Stadt Wien
50;Judengasse 49;49;136;;;Judengasse;48.2232481;16.3628623;Rossau;Rossau;Behsel Stadtplan, WStLA, P1: 295/19G;Magistrat der Stadt Wien
51;Judengasse 50;50;44;;Spital der israelitischen Gemeinde;Judengasse;48.2233362;16.3632744;Rossau;Rossau;Behsel Stadtplan, WStLA, P1: 295/19G;Magistrat der Stadt Wien
52;Judengasse zw. Nr. 50 und 51, zw. Nr. 44 und 45 149;149;51;;;Judengasse zw. Nr. 50 und 51, zw. Nr. 44 und 45;48.2232713;16.3634257;Rossau;Rossau;Behsel Stadtplan, WStLA, P1: 295/19G;Magistrat der Stadt Wien
53;Judengasse zw. Nr. 50 und 51, zw. Nr. 44 und 45 148;148;0;;;Judengasse zw. Nr. 50 und 51, zw. Nr. 44 und 45;48.2234856;16.3641716;Rossau;Rossau;Behsel Stadtplan, WStLA, P1: 295/19G;Magistrat der Stadt Wien
54;Rothe Löwengasse 51;51;43;;;Rothe Löwengasse;48.2238285;16.3645229;Rossau;Rossau;Behsel Stadtplan, WStLA, P1: 295/19G;Magistrat der Stadt Wien
55;Rothe Löwengasse 52;52;42;;;Rothe Löwengasse;48.2239478;16.3644012;Rossau;Rossau;Behsel Stadtplan, WStLA, P1: 295/19G;Magistrat der Stadt Wien
56;Rothe Löwengasse 53;53;41;;;Rothe Löwengasse;48.2244807;16.3638813;Rossau;Rossau;Behsel Stadtplan, WStLA, P1: 295/19G;Magistrat der Stadt Wien
57;Rothe Löwengasse 54;54;40;;;Rothe Löwengasse;48.2247877;16.3635961;Rossau;Rossau;Behsel Stadtplan, WStLA, P1: 295/19G;Magistrat der Stadt Wien
58;Rothe Löwengasse, zw. Nr. 54 und 55 142;142;0;;;Rothe Löwengasse, zw. Nr. 54 und 55;48.2249881;16.3634066;Rossau;Rossau;Behsel Stadtplan, WStLA, P1: 295/19G;Magistrat der Stadt Wien
59;Rothe Löwengasse 55;55;39;;;Rothe Löwengasse;48.2252453;16.3631457;Rossau;Rossau;Behsel Stadtplan, WStLA, P1: 295/19G;Magistrat der Stadt Wien
60;Rothe Löwengasse 56;56;38;;;Rothe Löwengasse;48.2256669;16.3625006;Rossau;Rossau;Behsel Stadtplan, WStLA, P1: 295/19G;Magistrat der Stadt Wien
61;Porzellangasse 57;57;0;;Kaiserlich Königlich, zur Porzellanfabrik gehörig;Porzellangasse;48.2250796;16.3617425;Rossau;Rossau;Behsel Stadtplan, WStLA, P1: 295/19G;Magistrat der Stadt Wien
62;Porzellangasse 58;58;75;;;Porzellangasse;48.224914;16.3617129;Rossau;Rossau;Behsel Stadtplan, WStLA, P1: 295/19G;Magistrat der Stadt Wien
63;Judengasse 160;160;0;;;Judengasse;48.2247031;16.3617025;Rossau;Rossau;Behsel Stadtplan, WStLA, P1: 295/19G;Magistrat der Stadt Wien
64;Porzellangasse 59;59;0;;;Porzellangasse;48.2245409;16.3616834;Rossau;Rossau;Behsel Stadtplan, WStLA, P1: 295/19G;Magistrat der Stadt Wien
65;Porzellangasse 137;137;"77;78;79";;K. K. Porzellanfabrik;Porzellangasse;48.2247448;16.3614747;Rossau;Rossau;Behsel Stadtplan, WStLA, P1: 295/19G;Magistrat der Stadt Wien
66;Porzellangasse 60;60;74;;K. K. Landschaftsstadl;Porzellangasse;48.2242502;16.3616538;Rossau;Rossau;Behsel Stadtplan, WStLA, P1: 295/19G;Magistrat der Stadt Wien
67;Porzellangasse 61;61;73;;;Porzellangasse;48.2238934;16.3616208;Rossau;Rossau;Behsel Stadtplan, WStLA, P1: 295/19G;Magistrat der Stadt Wien
68;Porzellangasse 136;136;80;;;Porzellangasse;48.2239513;16.3613704;Rossau;Rossau;Behsel Stadtplan, WStLA, P1: 295/19G;Magistrat der Stadt Wien
69;Porzellangasse 135;135;81;;;Porzellangasse;48.2236779;16.3613461;Rossau;Rossau;Behsel Stadtplan, WStLA, P1: 295/19G;Magistrat der Stadt Wien
70;Färbergasse 132;132;83;;;Färbergasse;48.2234427;16.3613026;Rossau;Rossau;Behsel Stadtplan, WStLA, P1: 295/19G;Magistrat der Stadt Wien
71;Porzellangasse 62;62;0;;;Porzellangasse;48.2235169;16.3615738;Rossau;Rossau;Behsel Stadtplan, WStLA, P1: 295/19G;Magistrat der Stadt Wien
72;Porzellangasse 63;63;72;;;Porzellangasse;48.2232087;16.3615199;Rossau;Rossau;Behsel Stadtplan, WStLA, P1: 295/19G;Magistrat der Stadt Wien
73;Pramergasse 64;64;55;;;Pramergasse;48.22275;16.361386;Rossau;Rossau;Behsel Stadtplan, WStLA, P1: 295/19G;Magistrat der Stadt Wien
74;Porzellangasse 134;134;82;;;Porzellangasse;48.2230269;16.3612661;Rossau;Rossau;Behsel Stadtplan, WStLA, P1: 295/19G;Magistrat der Stadt Wien
75;Porzellangasse 133;133;0;;;Porzellangasse;48.2226747;16.3611148;Rossau;Rossau;Behsel Stadtplan, WStLA, P1: 295/19G;Magistrat der Stadt Wien
76;Färbergasse 132;132;83;;;Färbergasse;48.222114;16.3606888;Rossau;Rossau;Behsel Stadtplan, WStLA, P1: 295/19G;Magistrat der Stadt Wien
77;Pramergasse 65;65;54;;;Pramergasse;48.2224314;16.3623285;Rossau;Rossau;Behsel Stadtplan, WStLA, P1: 295/19G;Magistrat der Stadt Wien
78;Pramergasse 66;66;53;;;Pramergasse;48.2224106;16.3624485;Rossau;Rossau;Behsel Stadtplan, WStLA, P1: 295/19G;Magistrat der Stadt Wien
79;Pramergasse 67;67;52;;;Pramergasse;48.2223283;16.3627667;Rossau;Rossau;Behsel Stadtplan, WStLA, P1: 295/19G;Magistrat der Stadt Wien
80;Pramergasse 68;68;51;;;Pramergasse;48.2222136;16.3634222;Rossau;Rossau;Behsel Stadtplan, WStLA, P1: 295/19G;Magistrat der Stadt Wien
81;Pramergasse 69;69;51;;;Pramergasse;48.2221777;16.3637908;Rossau;Rossau;Behsel Stadtplan, WStLA, P1: 295/19G;Magistrat der Stadt Wien
82;Pramergasse 70;70;50;;;Pramergasse;48.2221557;16.3641021;Rossau;Rossau;Behsel Stadtplan, WStLA, P1: 295/19G;Magistrat der Stadt Wien
83;Pramergasse, zw. Nr. 70 und 71 140;140;0;;;Pramergasse, zw. Nr. 70 und 71;48.2221325;16.364509;Rossau;Rossau;Behsel Stadtplan, WStLA, P1: 295/19G;Magistrat der Stadt Wien
84;Pramergasse 72;72;48;;;Pramergasse;48.2221962;16.3659348;Rossau;Rossau;Behsel Stadtplan, WStLA, P1: 295/19G;Magistrat der Stadt Wien
85;Pramergasse 73;73;123;;;Pramergasse;48.2220225;16.3657366;Rossau;Rossau;Behsel Stadtplan, WStLA, P1: 295/19G;Magistrat der Stadt Wien
86;Pramergasse 74;74;128;;;Pramergasse;48.2220051;16.3654549;Rossau;Rossau;Behsel Stadtplan, WStLA, P1: 295/19G;Magistrat der Stadt Wien
87;Pramergasse 71;71;49;;;Pramergasse;48.222129;16.3652045;Rossau;Rossau;Behsel Stadtplan, WStLA, P1: 295/19G;Magistrat der Stadt Wien
88;Pramergasse 75;75;58;;;Pramergasse;48.2220537;16.363763;Rossau;Rossau;Behsel Stadtplan, WStLA, P1: 295/19G;Magistrat der Stadt Wien
89;Pramergasse 76;76;57;;;Pramergasse;48.222158;16.3629058;Rossau;Rossau;Behsel Stadtplan, WStLA, P1: 295/19G;Magistrat der Stadt Wien
90;Pramergasse, neben Nr. 76 150;150;57;;;Pramergasse, neben Nr. 76;48.2222148;16.3626884;Rossau;Rossau;Behsel Stadtplan, WStLA, P1: 295/19G;Magistrat der Stadt Wien
91;Pramergasse 77;77;56;;;Pramergasse;48.2223851;16.3619998;Rossau;Rossau;Behsel Stadtplan, WStLA, P1: 295/19G;Magistrat der Stadt Wien
92;Grüne Thorgasse 78;78;71;;;Grüne Thorgasse;48.222494;16.3615286;Rossau;Rossau;Behsel Stadtplan, WStLA, P1: 295/19G;Magistrat der Stadt Wien
93;Grüne Thorgasse 79;79;70;;;Grüne Thorgasse;48.2214215;16.3613704;Rossau;Rossau;Behsel Stadtplan, WStLA, P1: 295/19G;Magistrat der Stadt Wien
94;Grüne Thorgasse 80;80;69;;;Grüne Thorgasse;48.2213114;16.3618034;Rossau;Rossau;Behsel Stadtplan, WStLA, P1: 295/19G;Magistrat der Stadt Wien
95;Grüne Thorgasse 81;81;68;;;Grüne Thorgasse;48.2212524;16.362059;Rossau;Rossau;Behsel Stadtplan, WStLA, P1: 295/19G;Magistrat der Stadt Wien
96;Grüne Thorgasse zw. Nr. 81 und 145 147;147;0;;Gemeinde Rossau Schulhaus;Grüne Thorgasse zw. Nr. 81 und 145;48.2212037;16.3622868;Rossau;Rossau;Behsel Stadtplan, WStLA, P1: 295/19G;Magistrat der Stadt Wien
97;Judengasse zw. Nr. 50 und 51, zw. Nr. 44 und 45 148;148;0;;;Judengasse zw. Nr. 50 und 51, zw. Nr. 44 und 45;48.2211168;16.3626606;Rossau;Rossau;Behsel Stadtplan, WStLA, P1: 295/19G;Magistrat der Stadt Wien
98;Grüne Thorgasse 82;82;61;;;Grüne Thorgasse;48.2209372;16.3638604;Rossau;Rossau;Behsel Stadtplan, WStLA, P1: 295/19G;Magistrat der Stadt Wien
99;Servitengasse 84;84;59;;;Servitengasse;48.2219208;16.3645924;Rossau;Rossau;Behsel Stadtplan, WStLA, P1: 295/19G;Magistrat der Stadt Wien
100;Servitengasse 85;85;12;;;Servitengasse;48.2218189;16.364822;Rossau;Rossau;Behsel Stadtplan, WStLA, P1: 295/19G;Magistrat der Stadt Wien
101;Servitengasse 86;86;62;;;Servitengasse;48.2215095;16.3646829;Rossau;Rossau;Behsel Stadtplan, WStLA, P1: 295/19G;Magistrat der Stadt Wien
102;Servitengasse 83;83;60;;;Servitengasse;48.2214597;16.3644168;Rossau;Rossau;Behsel Stadtplan, WStLA, P1: 295/19G;Magistrat der Stadt Wien
103;3 Mohrengasse 156;156;0;;;3 Mohrengasse;48.2207125;16.3651523;Rossau;Rossau;Behsel Stadtplan, WStLA, P1: 295/19G;Magistrat der Stadt Wien
104;Servitengasse 157;157;0;;;Servitengasse;48.220614;16.3644046;Rossau;Rossau;Behsel Stadtplan, WStLA, P1: 295/19G;Magistrat der Stadt Wien
105;Servitengasse 87;87;63;;;Servitengasse;48.2201101;16.3643838;Rossau;Rossau;Behsel Stadtplan, WStLA, P1: 295/19G;Magistrat der Stadt Wien
106;Servitengasse 88;88;64;;;Servitengasse;48.2199004;16.3643525;Rossau;Rossau;Behsel Stadtplan, WStLA, P1: 295/19G;Magistrat der Stadt Wien
107;Servitengasse 89;89;65;;;Servitengasse;48.2199073;16.3641177;Rossau;Rossau;Behsel Stadtplan, WStLA, P1: 295/19G;Magistrat der Stadt Wien
108;Servitengasse 90;90;66;;P. P. Serviten;Servitengasse;48.2205376;16.3638239;Rossau;Rossau;Behsel Stadtplan, WStLA, P1: 295/19G;Magistrat der Stadt Wien
109;Grüne Thorgasse 91;91;67;;;Grüne Thorgasse;48.2209871;16.3625563;Rossau;Rossau;Behsel Stadtplan, WStLA, P1: 295/19G;Magistrat der Stadt Wien
110;Porzellangasse 92;92;100;;;Porzellangasse;48.2212709;16.3608261;Rossau;Rossau;Behsel Stadtplan, WStLA, P1: 295/19G;Magistrat der Stadt Wien
111;Schmiedgasse 93;93;101;;;Schmiedgasse;48.2207252;16.3609009;Rossau;Rossau;Behsel Stadtplan, WStLA, P1: 295/19G;Magistrat der Stadt Wien
112;Schmiedgasse 94;94;102;;;Schmiedgasse;48.2204287;16.3612469;Rossau;Rossau;Behsel Stadtplan, WStLA, P1: 295/19G;Magistrat der Stadt Wien
113;Schmiedgasse 95;95;103;;;Schmiedgasse;48.220161;16.3615964;Rossau;Rossau;Behsel Stadtplan, WStLA, P1: 295/19G;Magistrat der Stadt Wien
114;Schmiedgasse 96;96;104;;;Schmiedgasse;48.2200394;16.3617547;Rossau;Rossau;Behsel Stadtplan, WStLA, P1: 295/19G;Magistrat der Stadt Wien
115;Schmiedgasse 97;97;105;;;Schmiedgasse;48.2198737;16.3620033;Rossau;Rossau;Behsel Stadtplan, WStLA, P1: 295/19G;Magistrat der Stadt Wien
116;Schmiedgasse 98;98;106;;;Schmiedgasse;48.2196548;16.3624293;Rossau;Rossau;Behsel Stadtplan, WStLA, P1: 295/19G;Magistrat der Stadt Wien
117;Schmiedgasse 99;99;107;;;Schmiedgasse;48.2195783;16.3626258;Rossau;Rossau;Behsel Stadtplan, WStLA, P1: 295/19G;Magistrat der Stadt Wien
118;Schmiedgasse 100;100;108;;;Schmiedgasse;48.2194416;16.3629614;Rossau;Rossau;Behsel Stadtplan, WStLA, P1: 295/19G;Magistrat der Stadt Wien
119;Schmiedgasse 101;101;109;;;Schmiedgasse;48.2193153;16.3632953;Rossau;Rossau;Behsel Stadtplan, WStLA, P1: 295/19G;Magistrat der Stadt Wien
120;Schmiedgasse 102;102;110;;;Schmiedgasse;48.2192551;16.3635335;Rossau;Rossau;Behsel Stadtplan, WStLA, P1: 295/19G;Magistrat der Stadt Wien
121;Schmiedgasse 103;103;111;;;Schmiedgasse;48.2191809;16.3639369;Rossau;Rossau;Behsel Stadtplan, WStLA, P1: 295/19G;Magistrat der Stadt Wien
122;Schmiedgasse 104;104;99;;;Schmiedgasse;48.2194509;16.3621216;Rossau;Rossau;Behsel Stadtplan, WStLA, P1: 295/19G;Magistrat der Stadt Wien
123;Schmiedgasse 105;105;98;;;Schmiedgasse;48.2195528;16.3619181;Rossau;Rossau;Behsel Stadtplan, WStLA, P1: 295/19G;Magistrat der Stadt Wien
124;Schmiedgasse 106;106;127;;;Schmiedgasse;48.2196385;16.3617947;Rossau;Rossau;Behsel Stadtplan, WStLA, P1: 295/19G;Magistrat der Stadt Wien
125;Schmiedgasse 107;107;130;;;Schmiedgasse;48.2197231;16.3616903;Rossau;Rossau;Behsel Stadtplan, WStLA, P1: 295/19G;Magistrat der Stadt Wien
126;Schmiedgasse 108;108;97;;;Schmiedgasse;48.219949;16.3614417;Rossau;Rossau;Behsel Stadtplan, WStLA, P1: 295/19G;Magistrat der Stadt Wien
127;Schmiedgasse 109;109;133;;;Schmiedgasse;48.2201066;16.3612608;Rossau;Rossau;Behsel Stadtplan, WStLA, P1: 295/19G;Magistrat der Stadt Wien
128;Schmiedgasse 110;110;134;;;Schmiedgasse;48.2205433;16.3608296;Rossau;Rossau;Behsel Stadtplan, WStLA, P1: 295/19G;Magistrat der Stadt Wien
129;Schmiedgasse 111;111;95;;;Schmiedgasse;48.2207055;16.3607201;Rossau;Rossau;Behsel Stadtplan, WStLA, P1: 295/19G;Magistrat der Stadt Wien
130;3 Mohrengasse 112;112;94;;;3 Mohrengasse;48.2206163;16.3604123;Rossau;Rossau;Behsel Stadtplan, WStLA, P1: 295/19G;Magistrat der Stadt Wien
131;3 Mohrengasse 113;113;0;;;3 Mohrengasse;48.2202711;16.360581;Rossau;Rossau;Behsel Stadtplan, WStLA, P1: 295/19G;Magistrat der Stadt Wien
132;3 Mohrengasse 114;114;96;;;3 Mohrengasse;48.2200544;16.3606992;Rossau;Rossau;Behsel Stadtplan, WStLA, P1: 295/19G;Magistrat der Stadt Wien
133;3 Mohrengasse 115;115;116;;;3 Mohrengasse;48.219788;16.3608035;Rossau;Rossau;Behsel Stadtplan, WStLA, P1: 295/19G;Magistrat der Stadt Wien
134;3 Mohrengasse 156;156;0;;;3 Mohrengasse;48.2199108;16.3607601;Rossau;Rossau;Behsel Stadtplan, WStLA, P1: 295/19G;Magistrat der Stadt Wien
135;3 Mohrengasse 116;116;125;;;3 Mohrengasse;48.2196385;16.3608609;Rossau;Rossau;Behsel Stadtplan, WStLA, P1: 295/19G;Magistrat der Stadt Wien
136;3 Mohrengasse 117;117;118;;;3 Mohrengasse;48.2194902;16.36092;Rossau;Rossau;Behsel Stadtplan, WStLA, P1: 295/19G;Magistrat der Stadt Wien
137;3 Mohrengasse 118;118;117;;;3 Mohrengasse;48.2193385;16.3609879;Rossau;Rossau;Behsel Stadtplan, WStLA, P1: 295/19G;Magistrat der Stadt Wien
138;Adlergasse 119;119;114;;;Adlergasse;48.2194613;16.3615756;Rossau;Rossau;Behsel Stadtplan, WStLA, P1: 295/19G;Magistrat der Stadt Wien
139;Adlergasse 120;120;115;;;Adlergasse;48.2193767;16.3616069;Rossau;Rossau;Behsel Stadtplan, WStLA, P1: 295/19G;Magistrat der Stadt Wien
140;3 Mohrengasse 121;121;113;;;3 Mohrengasse;48.2191554;16.3610713;Rossau;Rossau;Behsel Stadtplan, WStLA, P1: 295/19G;Magistrat der Stadt Wien
141;3 Mohrengasse 122;122;93;;;3 Mohrengasse;48.2190037;16.3611617;Rossau;Rossau;Behsel Stadtplan, WStLA, P1: 295/19G;Magistrat der Stadt Wien
142;3 Mohrengasse 123;123;92;;;3 Mohrengasse;48.2186167;16.3616503;Rossau;Rossau;Behsel Stadtplan, WStLA, P1: 295/19G;Magistrat der Stadt Wien
143;Lange Gasse 124;124;91;;;Lange Gasse;48.2210068;16.3601689;Rossau;Rossau;Behsel Stadtplan, WStLA, P1: 295/19G;Stift Schotten
144;Lange Gasse 125;125;135;;;Lange Gasse;48.2215756;16.3596385;Rossau;Rossau;Behsel Stadtplan, WStLA, P1: 295/19G;Stift Schotten
145;Lange Gasse 126;126;88;;;Lange Gasse;48.2216648;16.3595272;Rossau;Rossau;Behsel Stadtplan, WStLA, P1: 295/19G;Stift Schotten
146;Lange Gasse 127;127;87;;;Lange Gasse;48.2217447;16.3593325;Rossau;Rossau;Behsel Stadtplan, WStLA, P1: 295/19G;Stift Schotten
147;Lange Gasse 128;128;86;;;Lange Gasse;48.2218791;16.3591238;Rossau;Rossau;Behsel Stadtplan, WStLA, P1: 295/19G;Stift Schotten
148;Lange Gasse 129;129;90;;;Lange Gasse;48.2210705;16.3604732;Rossau;Rossau;Behsel Stadtplan, WStLA, P1: 295/19G;Magistrat der Stadt Wien
149;Lange Gasse 130;130;89;;;Lange Gasse;48.2214968;16.3600924;Rossau;Rossau;Behsel Stadtplan, WStLA, P1: 295/19G;Magistrat der Stadt Wien
150;Porzellangasse, zw. Nr. 134 und 135 152;152;0;;;Porzellangasse, zw. Nr. 134 und 135;48.2193576;16.3623224;Rossau;Rossau;Behsel Stadtplan, WStLA, P1: 295/19G;Magistrat der Stadt Wien
151;Schmiedgasse 153;153;0;;;Schmiedgasse;48.2192632;16.3625337;Rossau;Rossau;Behsel Stadtplan, WStLA, P1: 295/19G;Magistrat der Stadt Wien
152;Schmiedgasse 154;154;0;;;Schmiedgasse;48.2191734;16.3628293;Rossau;Rossau;Behsel Stadtplan, WStLA, P1: 295/19G;Magistrat der Stadt Wien
153;Am Glacis 155;155;0;;;Am Glacis;48.2186549;16.3630631;Rossau;Rossau;Behsel Stadtplan, WStLA, P1: 295/19G;Magistrat der Stadt Wien
154;Am Glacis 159;159;0;;;Am Glacis;48.2187302;16.3633031;Rossau;Rossau;Behsel Stadtplan, WStLA, P1: 295/19G;Magistrat der Stadt Wien
155;Schmiedgasse 146;146;0;;;Schmiedgasse;48.2188148;16.3635448;Rossau;Rossau;Behsel Stadtplan, WStLA, P1: 295/19G;Magistrat der Stadt Wien
156;Färbergasse 131;131;84;;;Färbergasse;48.2224699;16.3596437;Rossau;Rossau;Behsel Stadtplan, WStLA, P1: 295/19G;Stift Schotten
