id;Adresse;Hausnummer;alte_1795_1821;‰ltere_1770_1795;Hausinhaber;Gassen und Pl‰tze;Grundobrigkeit;Latitude;Longitude;Vorstadt;Viertel;reference
33;Donaustraﬂe 1;1;1;"4;223";;Donaustraﬂe;Magistrat der Stadt Wien;48.212763;16.3788939;Leopoldstadt;Leopoldstadt;Behsel Stadtplan, WStLA, P1: 295/2
34;Donaustraﬂe 2;2;2;5;;Donaustraﬂe;Magistrat der Stadt Wien;48.2127966;16.3786187;Leopoldstadt;Leopoldstadt;Behsel Stadtplan, WStLA, P1: 295/2
35;Donaustraﬂe 3;3;3;6;;Donaustraﬂe;Magistrat der Stadt Wien;48.2128435;16.3783771;Leopoldstadt;Leopoldstadt;Behsel Stadtplan, WStLA, P1: 295/2
36;Donaustraﬂe 4;4;4;7;;Donaustraﬂe;Magistrat der Stadt Wien;48.2128927;16.3780415;Leopoldstadt;Leopoldstadt;Behsel Stadtplan, WStLA, P1: 295/2
37;Donaustraﬂe 5;5;5;8;;Donaustraﬂe;Magistrat der Stadt Wien;48.2129375;16.377867;Leopoldstadt;Leopoldstadt;Behsel Stadtplan, WStLA, P1: 295/2
38;Donaustraﬂe 6;6;6;9;;Donaustraﬂe;Magistrat der Stadt Wien;48.2129866;16.3777059;Leopoldstadt;Leopoldstadt;Behsel Stadtplan, WStLA, P1: 295/2
39;Donaustraﬂe 7;7;7;10;;Donaustraﬂe;Magistrat der Stadt Wien;48.213085;16.3773736;Leopoldstadt;Leopoldstadt;Behsel Stadtplan, WStLA, P1: 295/2
40;Donaustraﬂe 8;8;8;11;;Donaustraﬂe;Magistrat der Stadt Wien;48.2132438;16.3769474;Leopoldstadt;Leopoldstadt;Behsel Stadtplan, WStLA, P1: 295/2
41;Donaustraﬂe 9;9;559;;;Donaustraﬂe;Magistrat der Stadt Wien;48.2134048;16.3766085;Leopoldstadt;Leopoldstadt;Behsel Stadtplan, WStLA, P1: 295/2
42;Donaustraﬂe 10;10;9;12;;Donaustraﬂe;Magistrat der Stadt Wien;48.2135636;16.3762561;Leopoldstadt;Leopoldstadt;Behsel Stadtplan, WStLA, P1: 295/2
43;Donaustraﬂe 11;11;10;13;;Donaustraﬂe;Magistrat der Stadt Wien;48.2137157;16.3759642;Leopoldstadt;Leopoldstadt;Behsel Stadtplan, WStLA, P1: 295/2
44;Donaustraﬂe 12;12;523;;;Donaustraﬂe;Magistrat der Stadt Wien;48.2143664;16.3759776;Leopoldstadt;Leopoldstadt;Behsel Stadtplan, WStLA, P1: 295/2
45;Kleine Ankergasse 13;13;11;14;;Kleine Ankergasse;Magistrat der Stadt Wien;48.2146616;16.3761387;Leopoldstadt;Leopoldstadt;Behsel Stadtplan, WStLA, P1: 295/2
46;Kleine Ankergasse 14;14;528;;;Kleine Ankergasse;Magistrat der Stadt Wien;48.2149299;16.3763769;Leopoldstadt;Leopoldstadt;Behsel Stadtplan, WStLA, P1: 295/2
47;Kleine Ankergasse 15;15;514;;;Kleine Ankergasse;Magistrat der Stadt Wien;48.2151021;16.3765313;Leopoldstadt;Leopoldstadt;Behsel Stadtplan, WStLA, P1: 295/2
48;Kleine Ankergasse 16;16;12;18;;Kleine Ankergasse;Magistrat der Stadt Wien;48.2155381;16.3769575;Leopoldstadt;Leopoldstadt;Behsel Stadtplan, WStLA, P1: 295/2
49;Kleine Ankergasse 17;17;15;17;;Kleine Ankergasse;Magistrat der Stadt Wien;48.2154554;16.3766756;Leopoldstadt;Leopoldstadt;Behsel Stadtplan, WStLA, P1: 295/2
50;Groﬂe Ankergasse 18;18;13;15;;Groﬂe Ankergasse;Magistrat der Stadt Wien;48.2147555;16.3759877;Leopoldstadt;Leopoldstadt;Behsel Stadtplan, WStLA, P1: 295/2
51;Groﬂe Ankergasse 19;19;14;16;;Groﬂe Ankergasse;Magistrat der Stadt Wien;48.2150015;16.3761924;Leopoldstadt;Leopoldstadt;Behsel Stadtplan, WStLA, P1: 295/2
52;Groﬂe Ankergasse 20;20;16;19;;Groﬂe Ankergasse;Magistrat der Stadt Wien;48.2158568;16.3769441;Leopoldstadt;Leopoldstadt;Behsel Stadtplan, WStLA, P1: 295/2
53;Groﬂe Ankergasse 21;21;17;20;;Groﬂe Ankergasse;Magistrat der Stadt Wien;48.2160223;16.37708;Leopoldstadt;Leopoldstadt;Behsel Stadtplan, WStLA, P1: 295/2
54;Groﬂe Ankergasse 22;22;18;21;;Groﬂe Ankergasse;Magistrat der Stadt Wien;48.2161676;16.3771958;Leopoldstadt;Leopoldstadt;Behsel Stadtplan, WStLA, P1: 295/2
55;Groﬂe Ankergasse 23;23;19;22;;Groﬂe Ankergasse;Magistrat der Stadt Wien;48.2163398;16.3773518;Leopoldstadt;Leopoldstadt;Behsel Stadtplan, WStLA, P1: 295/2
56;Groﬂe Ankergasse 24;24;20;23;;Groﬂe Ankergasse;Magistrat der Stadt Wien;48.2164706;16.3774542;Leopoldstadt;Leopoldstadt;Behsel Stadtplan, WStLA, P1: 295/2
57;Groﬂe Ankergasse 25;25;582;;;Groﬂe Ankergasse;Magistrat der Stadt Wien;48.2166987;16.3776136;Leopoldstadt;Leopoldstadt;Behsel Stadtplan, WStLA, P1: 295/2
58;Groﬂe Ankergasse 26;26;515;;;Groﬂe Ankergasse;Magistrat der Stadt Wien;48.2168015;16.3776891;Leopoldstadt;Leopoldstadt;Behsel Stadtplan, WStLA, P1: 295/2
59;Groﬂe Ankergasse 27;27;21;24;;Groﬂe Ankergasse;Magistrat der Stadt Wien;48.216787;16.3772243;Leopoldstadt;Leopoldstadt;Behsel Stadtplan, WStLA, P1: 295/2
60;Groﬂe Ankergasse 28;28;560;;;Groﬂe Ankergasse;Magistrat der Stadt Wien;48.2164259;16.3771891;Leopoldstadt;Leopoldstadt;Behsel Stadtplan, WStLA, P1: 295/2
61;Groﬂe Ankergasse 29;29;22;25;;Groﬂe Ankergasse;Magistrat der Stadt Wien;48.2162962;16.3771035;Leopoldstadt;Leopoldstadt;Behsel Stadtplan, WStLA, P1: 295/2
62;Groﬂe Ankergasse 30;30;23;26;;Groﬂe Ankergasse;Magistrat der Stadt Wien;48.2160021;16.3768283;Leopoldstadt;Leopoldstadt;Behsel Stadtplan, WStLA, P1: 295/2
63;Donaustraﬂe 31;31;24;27;;Donaustraﬂe;Magistrat der Stadt Wien;48.2150015;16.3759155;Leopoldstadt;Leopoldstadt;Behsel Stadtplan, WStLA, P1: 295/2
64;Donaustraﬂe 32;32;548;;;Donaustraﬂe;Magistrat der Stadt Wien;48.2152877;16.3754524;Leopoldstadt;Leopoldstadt;Behsel Stadtplan, WStLA, P1: 295/2
65;Groﬂe Schiffgasse 33;33;25;28;;Groﬂe Schiffgasse;Magistrat der Stadt Wien;48.2157304;16.3752578;Leopoldstadt;Leopoldstadt;Behsel Stadtplan, WStLA, P1: 295/2
66;Groﬂe Schiffgasse 34;34;26;29;;Groﬂe Schiffgasse;Magistrat der Stadt Wien;48.2158981;16.3753752;Leopoldstadt;Leopoldstadt;Behsel Stadtplan, WStLA, P1: 295/2
67;Groﬂe Schiffgasse 35;35;27;30;;Groﬂe Schiffgasse;Magistrat der Stadt Wien;48.2160849;16.3754793;Leopoldstadt;Leopoldstadt;Behsel Stadtplan, WStLA, P1: 295/2
68;Groﬂe Schiffgasse 36;36;28;490;;Groﬂe Schiffgasse;Magistrat der Stadt Wien;48.2162414;16.3755531;Leopoldstadt;Leopoldstadt;Behsel Stadtplan, WStLA, P1: 295/2
69;Groﬂe Schiffgasse 37;37;29;31;;Groﬂe Schiffgasse;Magistrat der Stadt Wien;48.2163834;16.3756269;Leopoldstadt;Leopoldstadt;Behsel Stadtplan, WStLA, P1: 295/2
70;Groﬂe Schiffgasse 38;38;30;32;;Groﬂe Schiffgasse;Magistrat der Stadt Wien;48.2165835;16.3756605;Leopoldstadt;Leopoldstadt;Behsel Stadtplan, WStLA, P1: 295/2
71;Groﬂe Schiffgasse 39;39;31;3;;Groﬂe Schiffgasse;Magistrat der Stadt Wien;48.2168026;16.375694;Leopoldstadt;Leopoldstadt;Behsel Stadtplan, WStLA, P1: 295/2
72;Krumme Baumgasse 40;40;32;448;;Krumme Baumgasse;Magistrat der Stadt Wien;48.2168708;16.3759038;Leopoldstadt;Leopoldstadt;Behsel Stadtplan, WStLA, P1: 295/2
73;Krumme Baumgasse 41;41;33;70;;Krumme Baumgasse;Magistrat der Stadt Wien;48.2168496;16.3761806;Leopoldstadt;Leopoldstadt;Behsel Stadtplan, WStLA, P1: 295/2
74;Krumme Baumgasse 42;42;572;;;Krumme Baumgasse;Magistrat der Stadt Wien;48.2168351;16.3763921;Leopoldstadt;Leopoldstadt;Behsel Stadtplan, WStLA, P1: 295/2
75;Krumme Baumgasse 43;43;34;34;;Krumme Baumgasse;Magistrat der Stadt Wien;48.2170799;16.3757075;Leopoldstadt;Leopoldstadt;Behsel Stadtplan, WStLA, P1: 295/2
76;Groﬂe Schiffgasse 44;44;35;497;;Groﬂe Schiffgasse;Magistrat der Stadt Wien;48.2173203;16.3757377;Leopoldstadt;Leopoldstadt;Behsel Stadtplan, WStLA, P1: 295/2
77;Groﬂe Schiffgasse 45;45;525;;;Groﬂe Schiffgasse;Magistrat der Stadt Wien;48.2174522;16.3757595;Leopoldstadt;Leopoldstadt;Behsel Stadtplan, WStLA, P1: 295/2
78;Groﬂe Schiffgasse 46;46;36;35;;Groﬂe Schiffgasse;Magistrat der Stadt Wien;48.2176646;16.3758098;Leopoldstadt;Leopoldstadt;Behsel Stadtplan, WStLA, P1: 295/2
79;Groﬂe Schiffgasse 47;47;554;;;Groﬂe Schiffgasse;Magistrat der Stadt Wien;48.2179755;16.3759088;Leopoldstadt;Leopoldstadt;Behsel Stadtplan, WStLA, P1: 295/2
80;Groﬂe Schiffgasse 48;48;37;36;;Groﬂe Schiffgasse;Magistrat der Stadt Wien;48.2179061;16.3756672;Leopoldstadt;Leopoldstadt;Behsel Stadtplan, WStLA, P1: 295/2
81;Groﬂe Schiffgasse 49;49;38;37;;Groﬂe Schiffgasse;Magistrat der Stadt Wien;48.2176848;16.3756185;Leopoldstadt;Leopoldstadt;Behsel Stadtplan, WStLA, P1: 295/2
82;Groﬂe Schiffgasse 50;50;529;;;Groﬂe Schiffgasse;Magistrat der Stadt Wien;48.2175271;16.3755648;Leopoldstadt;Leopoldstadt;Behsel Stadtplan, WStLA, P1: 295/2
83;Groﬂe Schiffgasse 51;51;533;;;Groﬂe Schiffgasse;Magistrat der Stadt Wien;48.2173505;16.3755145;Leopoldstadt;Leopoldstadt;Behsel Stadtplan, WStLA, P1: 295/2
84;Groﬂe Schiffgasse 52;52;526;;;Groﬂe Schiffgasse;Magistrat der Stadt Wien;48.2176926;16.3750363;Leopoldstadt;Leopoldstadt;Behsel Stadtplan, WStLA, P1: 295/2
85;Groﬂe Schiffgasse 53;53;39;41;;Groﬂe Schiffgasse;Magistrat der Stadt Wien;48.217431;16.3748785;Leopoldstadt;Leopoldstadt;Behsel Stadtplan, WStLA, P1: 295/2
86;Groﬂe Schiffgasse 54;54;40;459;;Groﬂe Schiffgasse;Magistrat der Stadt Wien;48.2170877;16.3753517;Leopoldstadt;Leopoldstadt;Behsel Stadtplan, WStLA, P1: 295/2
87;Groﬂe Schiffgasse 55;55;41;447;;Groﬂe Schiffgasse;Magistrat der Stadt Wien;48.2168787;16.3754474;Leopoldstadt;Leopoldstadt;Behsel Stadtplan, WStLA, P1: 295/2
88;Groﬂe Schiffgasse 56;56;42;458;;Groﬂe Schiffgasse;Magistrat der Stadt Wien;48.2167344;16.3754826;Leopoldstadt;Leopoldstadt;Behsel Stadtplan, WStLA, P1: 295/2
89;Donaustraﬂe 57;57;43;45;;Donaustraﬂe;Magistrat der Stadt Wien;48.216029;16.3749624;Leopoldstadt;Leopoldstadt;Behsel Stadtplan, WStLA, P1: 295/2
90;Donaustraﬂe 58;58;44;398;;Donaustraﬂe;Magistrat der Stadt Wien;48.2162;16.3747795;Leopoldstadt;Leopoldstadt;Behsel Stadtplan, WStLA, P1: 295/2
91;Kleine Schiffgasse 59;59;45;44;;Kleine Schiffgasse;Magistrat der Stadt Wien;48.2163487;16.3747779;Leopoldstadt;Leopoldstadt;Behsel Stadtplan, WStLA, P1: 295/2
92;Kleine Schiffgasse 60;60;46;43;;Kleine Schiffgasse;Magistrat der Stadt Wien;48.2165131;16.3747946;Leopoldstadt;Leopoldstadt;Behsel Stadtplan, WStLA, P1: 295/2
93;Kleine Schiffgasse 61;61;47;42;;Kleine Schiffgasse;Magistrat der Stadt Wien;48.2166942;16.374798;Leopoldstadt;Leopoldstadt;Behsel Stadtplan, WStLA, P1: 295/2
94;Kleine Schiffgasse 62;62;48;444;;Kleine Schiffgasse;Magistrat der Stadt Wien;48.2168541;16.3747963;Leopoldstadt;Leopoldstadt;Behsel Stadtplan, WStLA, P1: 295/2
95;Kleine Schiffgasse 63;63;49;445;;Kleine Schiffgasse;Magistrat der Stadt Wien;48.2169771;16.3747946;Leopoldstadt;Leopoldstadt;Behsel Stadtplan, WStLA, P1: 295/2
96;Kleine Schiffgasse 64;64;50;446;;Kleine Schiffgasse;Magistrat der Stadt Wien;48.2170956;16.3748148;Leopoldstadt;Leopoldstadt;Behsel Stadtplan, WStLA, P1: 295/2
97;Kleine Schiffgasse 65;65;519;;;Kleine Schiffgasse;Magistrat der Stadt Wien;48.2172599;16.3748483;Leopoldstadt;Leopoldstadt;Behsel Stadtplan, WStLA, P1: 295/2
98;Kleine Schiffgasse 66;66;51;38;;Kleine Schiffgasse;Magistrat der Stadt Wien;48.2179486;16.374553;Leopoldstadt;Leopoldstadt;Behsel Stadtplan, WStLA, P1: 295/2
99;Kleine Schiffgasse 67;67;52;39;;Kleine Schiffgasse;Magistrat der Stadt Wien;48.2178022;16.3747275;Leopoldstadt;Leopoldstadt;Behsel Stadtplan, WStLA, P1: 295/2
100;Kleine Schiffgasse 68;68;53;40;;Kleine Schiffgasse;Magistrat der Stadt Wien;48.2173181;16.3747175;Leopoldstadt;Leopoldstadt;Behsel Stadtplan, WStLA, P1: 295/2
101;Kleine Schiffgasse 69;69;54;40;;Kleine Schiffgasse;Magistrat der Stadt Wien;48.2165455;16.37435;Leopoldstadt;Leopoldstadt;Behsel Stadtplan, WStLA, P1: 295/2
102;Donaustraﬂe 70;70;55;487;;Donaustraﬂe;Magistrat der Stadt Wien;48.2167356;16.374105;Leopoldstadt;Leopoldstadt;Behsel Stadtplan, WStLA, P1: 295/2
103;Donaustraﬂe 71;71;56;473;;Donaustraﬂe;Magistrat der Stadt Wien;48.2169111;16.3738886;Leopoldstadt;Leopoldstadt;Behsel Stadtplan, WStLA, P1: 295/2
104;Donaustraﬂe 72;72;57;47;;Donaustraﬂe;Magistrat der Stadt Wien;48.2171649;16.3736251;Leopoldstadt;Leopoldstadt;Behsel Stadtplan, WStLA, P1: 295/2
105;Donaustraﬂe 73;73;58;48;;Donaustraﬂe;Magistrat der Stadt Wien;48.2176456;16.3732543;Leopoldstadt;Leopoldstadt;Behsel Stadtplan, WStLA, P1: 295/2
106;Donaustraﬂe 74;74;59;49;;Donaustraﬂe;Magistrat der Stadt Wien;48.2180045;16.3732006;Leopoldstadt;Leopoldstadt;Behsel Stadtplan, WStLA, P1: 295/2
107;Schiffamtsgasse 75;75;60;"2;49";;Schiffamtsgasse;Magistrat der Stadt Wien;48.21817;16.3729456;Leopoldstadt;Leopoldstadt;Behsel Stadtplan, WStLA, P1: 295/2
108;Schiffamtsgasse 76;76;61;"3;49";;Schiffamtsgasse;Magistrat der Stadt Wien;48.2185792;16.3734389;Leopoldstadt;Leopoldstadt;Behsel Stadtplan, WStLA, P1: 295/2
109;Kleine Schiffgasse 77;77;62;51;;Kleine Schiffgasse;Magistrat der Stadt Wien;48.2187536;16.373959;Leopoldstadt;Leopoldstadt;Behsel Stadtplan, WStLA, P1: 295/2
110;Schiffamtsgasse 78;78;63;51;;Schiffamtsgasse;Magistrat der Stadt Wien;48.2188788;16.3758585;Leopoldstadt;Leopoldstadt;Behsel Stadtplan, WStLA, P1: 295/2
111;Gottesacker 79;79;64;;;Gottesacker;Magistrat der Stadt Wien;48.2193372;16.3765464;Leopoldstadt;Leopoldstadt;Behsel Stadtplan, WStLA, P1: 295/2
112;Gottesacker 80;80;65;;;Gottesacker;Magistrat der Stadt Wien;48.2196346;16.3764592;Leopoldstadt;Leopoldstadt;Behsel Stadtplan, WStLA, P1: 295/2
113;Gottesacker 81;81;"66;67";;;Gottesacker;Magistrat der Stadt Wien;48.2199476;16.3763719;Leopoldstadt;Leopoldstadt;Behsel Stadtplan, WStLA, P1: 295/2
114;Br‰uhausgasse 82;82;68;52;;Br‰uhausgasse;Magistrat der Stadt Wien;48.2198358;16.3754658;Leopoldstadt;Leopoldstadt;Behsel Stadtplan, WStLA, P1: 295/2
115;Br‰uhausgasse 83;83;69;53;B¸rgerspital in Wien;Br‰uhausgasse;Magistrat der Stadt Wien;48.220075;16.3754591;Leopoldstadt;Leopoldstadt;Behsel Stadtplan, WStLA, P1: 295/2
116;Schreigasse 84;84;70;"2;53";B¸rgerspital in Wien;Schreigasse;Magistrat der Stadt Wien;48.2196714;16.3740597;Leopoldstadt;Leopoldstadt;Behsel Stadtplan, WStLA, P1: 295/2
117;Br‰uhausgasse 85;85;71;54;;Br‰uhausgasse;Magistrat der Stadt Wien;48.2197642;16.3737795;Leopoldstadt;Leopoldstadt;Behsel Stadtplan, WStLA, P1: 295/2
118;Schiffamtsgasse 86;86;72;55;;Schiffamtsgasse;Magistrat der Stadt Wien;48.2190174;16.3741319;Leopoldstadt;Leopoldstadt;Behsel Stadtplan, WStLA, P1: 295/2
119;Schiffamtsgasse 87;87;73;56;;Schiffamtsgasse;Magistrat der Stadt Wien;48.2188989;16.3734338;Leopoldstadt;Leopoldstadt;Behsel Stadtplan, WStLA, P1: 295/2
120;Donaustraﬂe 88;88;74;73;K. K. Pontonstadl;Donaustraﬂe;Magistrat der Stadt Wien;48.2184517;16.3721955;Leopoldstadt;Leopoldstadt;Behsel Stadtplan, WStLA, P1: 295/2
121;Donaustraﬂe 89;89;75;57;K. K. Schiffamt;Donaustraﬂe;Magistrat der Stadt Wien;48.2185881;16.3725747;Leopoldstadt;Leopoldstadt;Behsel Stadtplan, WStLA, P1: 295/2
122;Donaustraﬂe zwischen 89 und 90 593;593;0;;;Donaustraﬂe zwischen 89 und 90;Magistrat der Stadt Wien;48.2187972;16.3721787;Leopoldstadt;Leopoldstadt;Behsel Stadtplan, WStLA, P1: 295/2
123;Donaustraﬂe 90;90;76;59;;Donaustraﬂe;Magistrat der Stadt Wien;48.2189291;16.3718901;Leopoldstadt;Leopoldstadt;Behsel Stadtplan, WStLA, P1: 295/2
124;Donaustraﬂe 91;91;76;59;;Donaustraﬂe;Magistrat der Stadt Wien;48.2190577;16.3716468;Leopoldstadt;Leopoldstadt;Behsel Stadtplan, WStLA, P1: 295/2
125;Donaustraﬂe 92;92;77;414;;Donaustraﬂe;Magistrat der Stadt Wien;48.2191661;16.3714555;Leopoldstadt;Leopoldstadt;Behsel Stadtplan, WStLA, P1: 295/2
126;Donaustraﬂe 93;93;78;;;Donaustraﬂe;Magistrat der Stadt Wien;48.219279;16.3713347;Leopoldstadt;Leopoldstadt;Behsel Stadtplan, WStLA, P1: 295/2
127;Donaustraﬂe 94;94;79;453;;Donaustraﬂe;Magistrat der Stadt Wien;48.2194311;16.3712726;Leopoldstadt;Leopoldstadt;Behsel Stadtplan, WStLA, P1: 295/2
128;Neue Gasse 95;95;80;416;;Neue Gasse;Magistrat der Stadt Wien;48.2195652;16.3714555;Leopoldstadt;Leopoldstadt;Behsel Stadtplan, WStLA, P1: 295/2
129;Neue Gasse 96;96;81;434;;Neue Gasse;Magistrat der Stadt Wien;48.2197218;16.3716569;Leopoldstadt;Leopoldstadt;Behsel Stadtplan, WStLA, P1: 295/2
130;Neue Gasse 97;97;82;399;;Neue Gasse;Magistrat der Stadt Wien;48.2198693;16.3718381;Leopoldstadt;Leopoldstadt;Behsel Stadtplan, WStLA, P1: 295/2
131;Neue Gasse 98;98;83;417;;Neue Gasse;Magistrat der Stadt Wien;48.2200035;16.3720227;Leopoldstadt;Leopoldstadt;Behsel Stadtplan, WStLA, P1: 295/2
132;Neue Gasse 99;99;84;432;;Neue Gasse;Magistrat der Stadt Wien;48.2201253;16.372172;Leopoldstadt;Leopoldstadt;Behsel Stadtplan, WStLA, P1: 295/2
133;Neue Gasse 100;100;85;435;;Neue Gasse;Magistrat der Stadt Wien;48.2202416;16.3723281;Leopoldstadt;Leopoldstadt;Behsel Stadtplan, WStLA, P1: 295/2
134;Neue Gasse 101;101;86;438;;Neue Gasse;Magistrat der Stadt Wien;48.2203679;16.3724942;Leopoldstadt;Leopoldstadt;Behsel Stadtplan, WStLA, P1: 295/2
135;Neue Gasse 102;102;87;449;;Neue Gasse;Magistrat der Stadt Wien;48.2204853;16.3726452;Leopoldstadt;Leopoldstadt;Behsel Stadtplan, WStLA, P1: 295/2
136;Schreigasse 103;103;88;461;;Schreigasse;Magistrat der Stadt Wien;48.2204887;16.3728919;Leopoldstadt;Leopoldstadt;Behsel Stadtplan, WStLA, P1: 295/2
137;Schreigasse 104;104;512;;;Schreigasse;Magistrat der Stadt Wien;48.220179;16.3740681;Leopoldstadt;Leopoldstadt;Behsel Stadtplan, WStLA, P1: 295/2
138;Schreigasse 105;105;534;;;Schreigasse;Magistrat der Stadt Wien;48.2202942;16.3734741;Leopoldstadt;Leopoldstadt;Behsel Stadtplan, WStLA, P1: 295/2
139;Schreigasse 106;106;535;;;Schreigasse;Magistrat der Stadt Wien;48.2203914;16.373308;Leopoldstadt;Leopoldstadt;Behsel Stadtplan, WStLA, P1: 295/2
140;Schreigasse 107;107;89;"2;461";;Schreigasse;Magistrat der Stadt Wien;48.2205658;16.3730009;Leopoldstadt;Leopoldstadt;Behsel Stadtplan, WStLA, P1: 295/2
141;Neue Gasse 108;108;90;433;;Neue Gasse;Magistrat der Stadt Wien;48.2207313;16.3729825;Leopoldstadt;Leopoldstadt;Behsel Stadtplan, WStLA, P1: 295/2
142;Neue Gasse 109;109;91;410;;Neue Gasse;Magistrat der Stadt Wien;48.2208856;16.3731855;Leopoldstadt;Leopoldstadt;Behsel Stadtplan, WStLA, P1: 295/2
143;Neue Gasse 110;110;92;411;;Neue Gasse;Magistrat der Stadt Wien;48.221051;16.3734087;Leopoldstadt;Leopoldstadt;Behsel Stadtplan, WStLA, P1: 295/2
144;Neue Gasse 111;111;93;;;Neue Gasse;Magistrat der Stadt Wien;48.2211594;16.3735563;Leopoldstadt;Leopoldstadt;Behsel Stadtplan, WStLA, P1: 295/2
145;Neue Gasse 112;112;94;;;Neue Gasse;Magistrat der Stadt Wien;48.2214278;16.373897;Leopoldstadt;Leopoldstadt;Behsel Stadtplan, WStLA, P1: 295/2
146;Neue Gasse 113;113;95;;;Neue Gasse;Magistrat der Stadt Wien;48.2216737;16.3742007;Leopoldstadt;Leopoldstadt;Behsel Stadtplan, WStLA, P1: 295/2
147;Neue Gasse 114;114;517;;;Neue Gasse;Magistrat der Stadt Wien;48.2218201;16.3743886;Leopoldstadt;Leopoldstadt;Behsel Stadtplan, WStLA, P1: 295/2
148;Neue Gasse 115;115;96;;;Neue Gasse;Magistrat der Stadt Wien;48.2219409;16.3745664;Leopoldstadt;Leopoldstadt;Behsel Stadtplan, WStLA, P1: 295/2
149;Neue Gasse 116;116;518;;;Neue Gasse;Magistrat der Stadt Wien;48.2220482;16.374741;Leopoldstadt;Leopoldstadt;Behsel Stadtplan, WStLA, P1: 295/2
150;Neue Gasse 117;117;97;438;;Neue Gasse;Magistrat der Stadt Wien;48.2221745;16.3748987;Leopoldstadt;Leopoldstadt;Behsel Stadtplan, WStLA, P1: 295/2
151;Neue Gasse 118;118;99;437;;Neue Gasse;Magistrat der Stadt Wien;48.2225993;16.3749155;Leopoldstadt;Leopoldstadt;Behsel Stadtplan, WStLA, P1: 295/2
152;Neue Gasse 119;119;100;420;;Neue Gasse;Magistrat der Stadt Wien;48.2219811;16.3741168;Leopoldstadt;Leopoldstadt;Behsel Stadtplan, WStLA, P1: 295/2
153;Neue Gasse 120;120;101;454;;Neue Gasse;Magistrat der Stadt Wien;48.2218537;16.3739272;Leopoldstadt;Leopoldstadt;Behsel Stadtplan, WStLA, P1: 295/2
154;Neue Gasse 121;121;102;419;;Neue Gasse;Magistrat der Stadt Wien;48.2217151;16.3737493;Leopoldstadt;Leopoldstadt;Behsel Stadtplan, WStLA, P1: 295/2
155;Neue Gasse 122;122;103;436;;Neue Gasse;Magistrat der Stadt Wien;48.221601;16.3736067;Leopoldstadt;Leopoldstadt;Behsel Stadtplan, WStLA, P1: 295/2
156;Neue Gasse 123;123;509;;;Neue Gasse;Magistrat der Stadt Wien;48.2214613;16.3734271;Leopoldstadt;Leopoldstadt;Behsel Stadtplan, WStLA, P1: 295/2
157;Neue Gasse 124;124;104;415;;Neue Gasse;Magistrat der Stadt Wien;48.2213037;16.3732476;Leopoldstadt;Leopoldstadt;Behsel Stadtplan, WStLA, P1: 295/2
158;Neue Gasse 125;125;520;;;Neue Gasse;Magistrat der Stadt Wien;48.2211773;16.3730915;Leopoldstadt;Leopoldstadt;Behsel Stadtplan, WStLA, P1: 295/2
159;Neue Gasse 126;126;508;;;Neue Gasse;Magistrat der Stadt Wien;48.2210588;16.3729288;Leopoldstadt;Leopoldstadt;Behsel Stadtplan, WStLA, P1: 295/2
160;Neue Gasse 127;127;105;489;;Neue Gasse;Magistrat der Stadt Wien;48.2209571;16.3727962;Leopoldstadt;Leopoldstadt;Behsel Stadtplan, WStLA, P1: 295/2
161;Neue Gasse 128;128;106;464;;Neue Gasse;Magistrat der Stadt Wien;48.2208543;16.3726637;Leopoldstadt;Leopoldstadt;Behsel Stadtplan, WStLA, P1: 295/2
162;Neue Gasse 129;129;107;409;;Neue Gasse;Magistrat der Stadt Wien;48.2206921;16.3724338;Leopoldstadt;Leopoldstadt;Behsel Stadtplan, WStLA, P1: 295/2
163;Neue Gasse 130;130;558;;;Neue Gasse;Magistrat der Stadt Wien;48.2205133;16.3721972;Leopoldstadt;Leopoldstadt;Behsel Stadtplan, WStLA, P1: 295/2
164;Neue Gasse 131;131;567;;;Neue Gasse;Magistrat der Stadt Wien;48.2203713;16.3720093;Leopoldstadt;Leopoldstadt;Behsel Stadtplan, WStLA, P1: 295/2
165;Neue Gasse 132;132;108;60;;Neue Gasse;Magistrat der Stadt Wien;48.2201745;16.3717827;Leopoldstadt;Leopoldstadt;Behsel Stadtplan, WStLA, P1: 295/2
166;Neue Gasse 133;133;108;60;;Neue Gasse;Magistrat der Stadt Wien;48.2201153;16.3717039;Leopoldstadt;Leopoldstadt;Behsel Stadtplan, WStLA, P1: 295/2
167;Neue Gasse 134;134;108;60;;Neue Gasse;Magistrat der Stadt Wien;48.2199398;16.3714539;Leopoldstadt;Leopoldstadt;Behsel Stadtplan, WStLA, P1: 295/2
168;Donaustraﬂe 135;135;108;60;;Donaustraﬂe;Magistrat der Stadt Wien;48.219667;16.3708011;Leopoldstadt;Leopoldstadt;Behsel Stadtplan, WStLA, P1: 295/2
169;Donaustraﬂe 136;136;109;61;;Donaustraﬂe;Magistrat der Stadt Wien;48.220056;16.370286;Leopoldstadt;Leopoldstadt;Behsel Stadtplan, WStLA, P1: 295/2
170;Donaustraﬂe 137;137;110;61;;Donaustraﬂe;Magistrat der Stadt Wien;48.2202304;16.3700511;Leopoldstadt;Leopoldstadt;Behsel Stadtplan, WStLA, P1: 295/2
171;Donaustraﬂe 138;138;111;62;;Donaustraﬂe;Magistrat der Stadt Wien;48.2203746;16.3698548;Leopoldstadt;Leopoldstadt;Behsel Stadtplan, WStLA, P1: 295/2
172;Donaustraﬂe 139;139;568;;;Donaustraﬂe;Magistrat der Stadt Wien;48.2206698;16.3697289;Leopoldstadt;Leopoldstadt;Behsel Stadtplan, WStLA, P1: 295/2
173;Donaustraﬂe 140;140;530;;;Donaustraﬂe;Magistrat der Stadt Wien;48.2208878;16.3697474;Leopoldstadt;Leopoldstadt;Behsel Stadtplan, WStLA, P1: 295/2
174;Donaustraﬂe 141;141;112;463;;Donaustraﬂe;Magistrat der Stadt Wien;48.2211583;16.3697776;Leopoldstadt;Leopoldstadt;Behsel Stadtplan, WStLA, P1: 295/2
175;Donaustraﬂe 142;142;113;63;;Donaustraﬂe;Magistrat der Stadt Wien;48.2215809;16.3698095;Leopoldstadt;Leopoldstadt;Behsel Stadtplan, WStLA, P1: 295/2
176;Donaustraﬂe 143;143;114;64;;Donaustraﬂe;Magistrat der Stadt Wien;48.2221253;16.370234;Leopoldstadt;Leopoldstadt;Behsel Stadtplan, WStLA, P1: 295/2
177;Donaustraﬂe 144;144;115;65;;Donaustraﬂe;Magistrat der Stadt Wien;48.2223143;16.3699571;Leopoldstadt;Leopoldstadt;Behsel Stadtplan, WStLA, P1: 295/2
178;Donaustraﬂe 145;145;116;66;;Donaustraﬂe;Magistrat der Stadt Wien;48.2224507;16.3699269;Leopoldstadt;Leopoldstadt;Behsel Stadtplan, WStLA, P1: 295/2
179;Donaustraﬂe 146;146;551;;;Donaustraﬂe;Magistrat der Stadt Wien;48.2227391;16.3701619;Leopoldstadt;Leopoldstadt;Behsel Stadtplan, WStLA, P1: 295/2
180;Donaustraﬂe 147;147;117;67;;Donaustraﬂe;Magistrat der Stadt Wien;48.2226977;16.3700108;Leopoldstadt;Leopoldstadt;Behsel Stadtplan, WStLA, P1: 295/2
181;Donaustraﬂe 148;148;118;68;Kasernverwalter-Wohnung;Donaustraﬂe;Magistrat der Stadt Wien;48.223203;16.3697088;Leopoldstadt;Leopoldstadt;Behsel Stadtplan, WStLA, P1: 295/2
182;Donaustraﬂe 149;149;119;69;K. K. Landschafts-Kavallerie-Kaserne;Donaustraﬂe;Magistrat der Stadt Wien;48.2236367;16.3702592;Leopoldstadt;Leopoldstadt;Behsel Stadtplan, WStLA, P1: 295/2
183;Hinter der Kaserne 150;150;120;74;K. K. Aufsichtsposten;Hinter der Kaserne;Magistrat der Stadt Wien;48.2251235;16.3712861;Leopoldstadt;Leopoldstadt;Behsel Stadtplan, WStLA, P1: 295/2
184;Augartenstraﬂe 151;151;121;462;K. K. Augarten Wachthaus;Augartenstraﬂe;Magistrat der Stadt Wien;48.2252733;16.3710679;Leopoldstadt;Leopoldstadt;Behsel Stadtplan, WStLA, P1: 295/2
185;Augartenstraﬂe 152;152;122;75;K. K. Heumagazin;Augartenstraﬂe;Magistrat der Stadt Wien;48.2237351;16.3733869;Leopoldstadt;Leopoldstadt;Behsel Stadtplan, WStLA, P1: 295/2
186;Augartenstraﬂe 153;153;123;469;;Augartenstraﬂe;Magistrat der Stadt Wien;48.223355;16.374001;Leopoldstadt;Leopoldstadt;Behsel Stadtplan, WStLA, P1: 295/2
187;Augartenstraﬂe zwischen 152 und 153 597;597;0;;;Augartenstraﬂe zwischen 152 und 153;Magistrat der Stadt Wien;48.2233841;16.3737476;Leopoldstadt;Leopoldstadt;Behsel Stadtplan, WStLA, P1: 295/2
188;Augartenstraﬂe 155;155;125;468;;Augartenstraﬂe;Magistrat der Stadt Wien;48.2231974;16.3742342;Leopoldstadt;Leopoldstadt;Behsel Stadtplan, WStLA, P1: 295/2
189;Augartenstraﬂe 156;156;126;441;;Augartenstraﬂe;Magistrat der Stadt Wien;48.2230554;16.3744406;Leopoldstadt;Leopoldstadt;Behsel Stadtplan, WStLA, P1: 295/2
190;Augartenstraﬂe 157;157;127;439;;Augartenstraﬂe;Magistrat der Stadt Wien;48.2229369;16.3746134;Leopoldstadt;Leopoldstadt;Behsel Stadtplan, WStLA, P1: 295/2
191;Augartenstraﬂe 158;158;98;430;;Augartenstraﬂe;Magistrat der Stadt Wien;48.2224473;16.3752896;Leopoldstadt;Leopoldstadt;Behsel Stadtplan, WStLA, P1: 295/2
192;Augartenstraﬂe 159;159;128;470;;Augartenstraﬂe;Magistrat der Stadt Wien;48.222312;16.3754826;Leopoldstadt;Leopoldstadt;Behsel Stadtplan, WStLA, P1: 295/2
193;Augartenstraﬂe 160;160;129;421;;Augartenstraﬂe;Magistrat der Stadt Wien;48.2220896;16.3757863;Leopoldstadt;Leopoldstadt;Behsel Stadtplan, WStLA, P1: 295/2
194;Augartenstraﬂe 161;161;130;71;;Augartenstraﬂe;Magistrat der Stadt Wien;48.2219141;16.3760313;Leopoldstadt;Leopoldstadt;Behsel Stadtplan, WStLA, P1: 295/2
195;Augartenstraﬂe zwischen 161 und 163 600;600;0;;;Augartenstraﬂe zwischen 161 und 163;Magistrat der Stadt Wien;48.2217374;16.3762628;Leopoldstadt;Leopoldstadt;Behsel Stadtplan, WStLA, P1: 295/2
196;Augartenstraﬂe 162;162;131;76 bis 82;K. K. Augarten;Augartenstraﬂe;Magistrat der Stadt Wien;48.2224037;16.3768015;Leopoldstadt;Leopoldstadt;Behsel Stadtplan, WStLA, P1: 295/2
197;Augartenstraﬂe 163;163;132;102;;Augartenstraﬂe;Magistrat der Stadt Wien;48.2207782;16.3776639;Leopoldstadt;Leopoldstadt;Behsel Stadtplan, WStLA, P1: 295/2
198;Augartenstraﬂe 164;164;133;101;;Augartenstraﬂe;Magistrat der Stadt Wien;48.2206061;16.3779861;Leopoldstadt;Leopoldstadt;Behsel Stadtplan, WStLA, P1: 295/2
199;Augartenstraﬂe 165;165;134;493;;Augartenstraﬂe;Magistrat der Stadt Wien;48.2200449;16.3788888;Leopoldstadt;Leopoldstadt;Behsel Stadtplan, WStLA, P1: 295/2
200;Augartenstraﬂe 166;166;543;;;Augartenstraﬂe;Magistrat der Stadt Wien;48.2199666;16.3790398;Leopoldstadt;Leopoldstadt;Behsel Stadtplan, WStLA, P1: 295/2
201;Augartenstraﬂe 167;167;135;97;;Augartenstraﬂe;Magistrat der Stadt Wien;48.219895;16.3791707;Leopoldstadt;Leopoldstadt;Behsel Stadtplan, WStLA, P1: 295/2
202;Augartenstraﬂe 168;168;136;96;;Augartenstraﬂe;Magistrat der Stadt Wien;48.2198257;16.3792982;Leopoldstadt;Leopoldstadt;Behsel Stadtplan, WStLA, P1: 295/2
203;Augartenstraﬂe 169;169;542;;;Augartenstraﬂe;Magistrat der Stadt Wien;48.2194367;16.3798721;Leopoldstadt;Leopoldstadt;Behsel Stadtplan, WStLA, P1: 295/2
204;Rauchfangkehrergasse 202;202;527;;;Rauchfangkehrergasse;Magistrat der Stadt Wien;48.2203344;16.3775574;Leopoldstadt;Leopoldstadt;Behsel Stadtplan, WStLA, P1: 295/2
205;Augartengasse zwischen 169 und 170 592;592;0;;;Augartengasse zwischen 169 und 170;Magistrat der Stadt Wien;48.2192606;16.380123;Leopoldstadt;Leopoldstadt;Behsel Stadtplan, WStLA, P1: 295/2
206;Augartenstraﬂe 170;170;138;455;;Augartenstraﬂe;Magistrat der Stadt Wien;48.2188693;16.3806112;Leopoldstadt;Leopoldstadt;Behsel Stadtplan, WStLA, P1: 295/2
207;Taborstraﬂe 171;171;139;128;;Taborstraﬂe;Magistrat der Stadt Wien;48.2185898;16.3804938;Leopoldstadt;Leopoldstadt;Behsel Stadtplan, WStLA, P1: 295/2
208;Groﬂe Pfarrgasse 172;172;140;127;;Groﬂe Pfarrgasse;Magistrat der Stadt Wien;48.2186323;16.380175;Leopoldstadt;Leopoldstadt;Behsel Stadtplan, WStLA, P1: 295/2
209;Groﬂe Pfarrgasse 173;173;141;126;;Groﬂe Pfarrgasse;Magistrat der Stadt Wien;48.218677;16.3799333;Leopoldstadt;Leopoldstadt;Behsel Stadtplan, WStLA, P1: 295/2
210;Groﬂe Pfarrgasse 174;174;142;125;;Groﬂe Pfarrgasse;Magistrat der Stadt Wien;48.2186994;16.3797152;Leopoldstadt;Leopoldstadt;Behsel Stadtplan, WStLA, P1: 295/2
211;Groﬂe Pfarrgasse 175;175;143;124;;Groﬂe Pfarrgasse;Magistrat der Stadt Wien;48.218715;16.3795072;Leopoldstadt;Leopoldstadt;Behsel Stadtplan, WStLA, P1: 295/2
212;Groﬂe Pfarrgasse 176;176;145;122;;Groﬂe Pfarrgasse;Magistrat der Stadt Wien;48.2190907;16.3792991;Leopoldstadt;Leopoldstadt;Behsel Stadtplan, WStLA, P1: 295/2
213;Groﬂe Pfarrgasse 177;177;146;121;;Groﬂe Pfarrgasse;Magistrat der Stadt Wien;48.218791;16.3788326;Leopoldstadt;Leopoldstadt;Behsel Stadtplan, WStLA, P1: 295/2
214;Groﬂe Pfarrgasse 178;178;147;120;;Groﬂe Pfarrgasse;Magistrat der Stadt Wien;48.2188738;16.3785641;Leopoldstadt;Leopoldstadt;Behsel Stadtplan, WStLA, P1: 295/2
215;Herrngasse 179;179;148;119;;Herrngasse;Magistrat der Stadt Wien;48.2190325;16.3785809;Leopoldstadt;Leopoldstadt;Behsel Stadtplan, WStLA, P1: 295/2
216;Herrngasse 180;180;149;118;;Herrngasse;Magistrat der Stadt Wien;48.2191935;16.3786011;Leopoldstadt;Leopoldstadt;Behsel Stadtplan, WStLA, P1: 295/2
217;Herrngasse 181;181;150;117;;Herrngasse;Magistrat der Stadt Wien;48.2192964;16.3786178;Leopoldstadt;Leopoldstadt;Behsel Stadtplan, WStLA, P1: 295/2
218;Herrngasse 182;182;151;116;;Herrngasse;Magistrat der Stadt Wien;48.219435;16.3786883;Leopoldstadt;Leopoldstadt;Behsel Stadtplan, WStLA, P1: 295/2
219;Kleine Pfarrgasse 183;183;152;115;;Kleine Pfarrgasse;Magistrat der Stadt Wien;48.2194015;16.3788393;Leopoldstadt;Leopoldstadt;Behsel Stadtplan, WStLA, P1: 295/2
220;Kleine Pfarrgasse 184;184;153;114;;Kleine Pfarrgasse;Magistrat der Stadt Wien;48.2193836;16.3789601;Leopoldstadt;Leopoldstadt;Behsel Stadtplan, WStLA, P1: 295/2
221;Kleine Pfarrgasse 185;185;590;;Schulgeb‰ude;Kleine Pfarrgasse;Magistrat der Stadt Wien;48.2193254;16.3791883;Leopoldstadt;Leopoldstadt;Behsel Stadtplan, WStLA, P1: 295/2
222;Kleine Pfarrgasse 186;186;144;123;Benefiziatenhaus;Kleine Pfarrgasse;Magistrat der Stadt Wien;48.2192628;16.3795676;Leopoldstadt;Leopoldstadt;Behsel Stadtplan, WStLA, P1: 295/2
223;Kleine Pfarrgasse 187;187;137;95;;Kleine Pfarrgasse;Magistrat der Stadt Wien;48.2194328;16.3793998;Leopoldstadt;Leopoldstadt;Behsel Stadtplan, WStLA, P1: 295/2
224;Kleine Pfarrgasse 188;188;154;98;;Kleine Pfarrgasse;Magistrat der Stadt Wien;48.2195714;16.3788393;Leopoldstadt;Leopoldstadt;Behsel Stadtplan, WStLA, P1: 295/2
225;Kleine Pfarrgasse 189;189;155;99;;Kleine Pfarrgasse;Magistrat der Stadt Wien;48.2195893;16.3787588;Leopoldstadt;Leopoldstadt;Behsel Stadtplan, WStLA, P1: 295/2
226;Kleine Pfarrgasse 190;190;156;100;;Kleine Pfarrgasse;Magistrat der Stadt Wien;48.2196049;16.3786447;Leopoldstadt;Leopoldstadt;Behsel Stadtplan, WStLA, P1: 295/2
227;Rauchfangkehrergasse 191;191;157;113;;Rauchfangkehrergasse;Magistrat der Stadt Wien;48.2196608;16.3783997;Leopoldstadt;Leopoldstadt;Behsel Stadtplan, WStLA, P1: 295/2
228;Rauchfangkehrergasse 192;192;158;112;;Rauchfangkehrergasse;Magistrat der Stadt Wien;48.2197011;16.3781614;Leopoldstadt;Leopoldstadt;Behsel Stadtplan, WStLA, P1: 295/2
229;Rauchfangkehrergasse 193;193;159;111;;Rauchfangkehrergasse;Magistrat der Stadt Wien;48.2197257;16.3780104;Leopoldstadt;Leopoldstadt;Behsel Stadtplan, WStLA, P1: 295/2
230;Rauchfangkehrergasse 194;194;160;110;;Rauchfangkehrergasse;Magistrat der Stadt Wien;48.2197592;16.3778829;Leopoldstadt;Leopoldstadt;Behsel Stadtplan, WStLA, P1: 295/2
231;Rauchfangkehrergasse 195;195;161;109;;Rauchfangkehrergasse;Magistrat der Stadt Wien;48.2197883;16.3777386;Leopoldstadt;Leopoldstadt;Behsel Stadtplan, WStLA, P1: 295/2
232;Rauchfangkehrergasse 196;196;162;108;;Rauchfangkehrergasse;Magistrat der Stadt Wien;48.2198241;16.3776144;Leopoldstadt;Leopoldstadt;Behsel Stadtplan, WStLA, P1: 295/2
233;Rauchfangkehrergasse 197;197;163;107;;Rauchfangkehrergasse;Magistrat der Stadt Wien;48.2198464;16.3774567;Leopoldstadt;Leopoldstadt;Behsel Stadtplan, WStLA, P1: 295/2
234;Rauchfangkehrergasse 198;198;164;106;;Rauchfangkehrergasse;Magistrat der Stadt Wien;48.2198799;16.3773023;Leopoldstadt;Leopoldstadt;Behsel Stadtplan, WStLA, P1: 295/2
235;Rauchfangkehrergasse 199;199;165;105;;Rauchfangkehrergasse;Magistrat der Stadt Wien;48.2199045;16.3771211;Leopoldstadt;Leopoldstadt;Behsel Stadtplan, WStLA, P1: 295/2
236;Rauchfangkehrergasse 200;200;166;104;;Rauchfangkehrergasse;Magistrat der Stadt Wien;48.2199336;16.3769667;Leopoldstadt;Leopoldstadt;Behsel Stadtplan, WStLA, P1: 295/2
237;Rauchfangkehrergasse 201;201;167;103;;Rauchfangkehrergasse;Magistrat der Stadt Wien;48.2199806;16.3767251;Leopoldstadt;Leopoldstadt;Behsel Stadtplan, WStLA, P1: 295/2
238;Rauchfangkehrergasse 203;203;168;199;;Rauchfangkehrergasse;Magistrat der Stadt Wien;48.2198218;16.3768359;Leopoldstadt;Leopoldstadt;Behsel Stadtplan, WStLA, P1: 295/2
239;Rauchfangkehrergasse 204;204;169;198;;Rauchfangkehrergasse;Magistrat der Stadt Wien;48.2197368;16.3772017;Leopoldstadt;Leopoldstadt;Behsel Stadtplan, WStLA, P1: 295/2
240;Rauchfangkehrergasse 205;205;170;197;;Rauchfangkehrergasse;Magistrat der Stadt Wien;48.219672;16.3775138;Leopoldstadt;Leopoldstadt;Behsel Stadtplan, WStLA, P1: 295/2
241;Rauchfangkehrergasse 206;206;171;196;;Rauchfangkehrergasse;Magistrat der Stadt Wien;48.2196385;16.3776782;Leopoldstadt;Leopoldstadt;Behsel Stadtplan, WStLA, P1: 295/2
242;Rauchfangkehrergasse 207;207;172;195;;Rauchfangkehrergasse;Magistrat der Stadt Wien;48.2196183;16.3777889;Leopoldstadt;Leopoldstadt;Behsel Stadtplan, WStLA, P1: 295/2
243;Rauchfangkehrergasse 208;208;173;194;;Rauchfangkehrergasse;Magistrat der Stadt Wien;48.2195826;16.3779802;Leopoldstadt;Leopoldstadt;Behsel Stadtplan, WStLA, P1: 295/2
244;Herrngasse 209;209;174;193;;Herrngasse;Magistrat der Stadt Wien;48.2195244;16.378289;Leopoldstadt;Leopoldstadt;Behsel Stadtplan, WStLA, P1: 295/2
245;Herrngasse 210;210;175;192;;Herrngasse;Magistrat der Stadt Wien;48.2188469;16.3781279;Leopoldstadt;Leopoldstadt;Behsel Stadtplan, WStLA, P1: 295/2
246;Groﬂe Pfarrgasse 211;211;176;191;;Groﬂe Pfarrgasse;Magistrat der Stadt Wien;48.2188917;16.3777218;Leopoldstadt;Leopoldstadt;Behsel Stadtplan, WStLA, P1: 295/2
247;Groﬂe Pfarrgasse 212;212;524;;;Groﬂe Pfarrgasse;Magistrat der Stadt Wien;48.218952;16.3771715;Leopoldstadt;Leopoldstadt;Behsel Stadtplan, WStLA, P1: 295/2
248;Herrngasse 213;213;177;190;;Herrngasse;Magistrat der Stadt Wien;48.2186021;16.3782286;Leopoldstadt;Leopoldstadt;Behsel Stadtplan, WStLA, P1: 295/2
249;Herrngasse 214;214;178;189;;Herrngasse;Magistrat der Stadt Wien;48.2184132;16.3782168;Leopoldstadt;Leopoldstadt;Behsel Stadtplan, WStLA, P1: 295/2
250;Herrngasse 215;215;179;188;;Herrngasse;Magistrat der Stadt Wien;48.2182913;16.378195;Leopoldstadt;Leopoldstadt;Behsel Stadtplan, WStLA, P1: 295/2
251;Herrngasse 216;216;180;187;;Herrngasse;Magistrat der Stadt Wien;48.218061;16.37819;Leopoldstadt;Leopoldstadt;Behsel Stadtplan, WStLA, P1: 295/2
252;Auf der Haide 217;217;556;;;Auf der Haide;Magistrat der Stadt Wien;48.2185954;16.3768812;Leopoldstadt;Leopoldstadt;Behsel Stadtplan, WStLA, P1: 295/2
253;Auf der Haide 218;218;181;200;;Auf der Haide;Magistrat der Stadt Wien;48.2185809;16.3765254;Leopoldstadt;Leopoldstadt;Behsel Stadtplan, WStLA, P1: 295/2
254;Auf der Haide 219;219;182;201;;Auf der Haide;Magistrat der Stadt Wien;48.2183036;16.3764684;Leopoldstadt;Leopoldstadt;Behsel Stadtplan, WStLA, P1: 295/2
255;Auf der Haide 220;220;183;202;;Auf der Haide;Magistrat der Stadt Wien;48.2179414;16.3763744;Leopoldstadt;Leopoldstadt;Behsel Stadtplan, WStLA, P1: 295/2
256;Strafhausgasse 221;221;579;;;Strafhausgasse;Magistrat der Stadt Wien;48.2176619;16.3775624;Leopoldstadt;Leopoldstadt;Behsel Stadtplan, WStLA, P1: 295/2
257;Strafhausgasse 222;222;573;;;Strafhausgasse;Magistrat der Stadt Wien;48.2177513;16.3775389;Leopoldstadt;Leopoldstadt;Behsel Stadtplan, WStLA, P1: 295/2
258;Haidgasse 223;223;184;186;;Haidgasse;Magistrat der Stadt Wien;48.2178698;16.3781967;Leopoldstadt;Leopoldstadt;Behsel Stadtplan, WStLA, P1: 295/2
259;Herrngasse 224;224;185;185;;Herrngasse;Magistrat der Stadt Wien;48.2177781;16.3781933;Leopoldstadt;Leopoldstadt;Behsel Stadtplan, WStLA, P1: 295/2
260;Herrngasse 225;225;"186;187";"183;184";;Herrngasse;Magistrat der Stadt Wien;48.2177021;16.3781933;Leopoldstadt;Leopoldstadt;Behsel Stadtplan, WStLA, P1: 295/2
261;Herrngasse 226;226;188;182;;Herrngasse;Magistrat der Stadt Wien;48.2176417;16.37819;Leopoldstadt;Leopoldstadt;Behsel Stadtplan, WStLA, P1: 295/2
262;Herrngasse 227;227;189;181;;Herrngasse;Magistrat der Stadt Wien;48.2175389;16.3781799;Leopoldstadt;Leopoldstadt;Behsel Stadtplan, WStLA, P1: 295/2
263;Herrngasse 228;228;190;180;;Herrngasse;Magistrat der Stadt Wien;48.2174382;16.3781799;Leopoldstadt;Leopoldstadt;Behsel Stadtplan, WStLA, P1: 295/2
264;Herrngasse 229;229;191;179;;Herrngasse;Magistrat der Stadt Wien;48.2173488;16.3781799;Leopoldstadt;Leopoldstadt;Behsel Stadtplan, WStLA, P1: 295/2
265;Strafhausgasse 230;230;192;178;;Strafhausgasse;Magistrat der Stadt Wien;48.2172705;16.3781665;Leopoldstadt;Leopoldstadt;Behsel Stadtplan, WStLA, P1: 295/2
266;Strafhausgasse 231;231;193;203;K. K. Niederˆsterreichiches Provinz-Strafhaus;Strafhausgasse;Magistrat der Stadt Wien;48.2173421;16.3774315;Leopoldstadt;Leopoldstadt;Behsel Stadtplan, WStLA, P1: 295/2
267;Strafhausgasse 232;232;194;204;;Strafhausgasse;Magistrat der Stadt Wien;48.2169508;16.3775792;Leopoldstadt;Leopoldstadt;Behsel Stadtplan, WStLA, P1: 295/2
268;Strafhausgasse 233;233;195;205;;Strafhausgasse;Magistrat der Stadt Wien;48.2169463;16.3778275;Leopoldstadt;Leopoldstadt;Behsel Stadtplan, WStLA, P1: 295/2
269;Herrngasse 234;234;196;206;;Herrngasse;Magistrat der Stadt Wien;48.216953;16.3780725;Leopoldstadt;Leopoldstadt;Behsel Stadtplan, WStLA, P1: 295/2
270;Herrngasse 235;235;197;207;;Herrngasse;Magistrat der Stadt Wien;48.2167294;16.3780893;Leopoldstadt;Leopoldstadt;Behsel Stadtplan, WStLA, P1: 295/2
271;Herrngasse 236;236;198;208;;Herrngasse;Magistrat der Stadt Wien;48.2165796;16.3780624;Leopoldstadt;Leopoldstadt;Behsel Stadtplan, WStLA, P1: 295/2
272;Herrngasse 237;237;199;209;;Herrngasse;Magistrat der Stadt Wien;48.2164499;16.3780289;Leopoldstadt;Leopoldstadt;Behsel Stadtplan, WStLA, P1: 295/2
273;Herrngasse 238;238;200;210;;Herrngasse;Magistrat der Stadt Wien;48.2162442;16.3780658;Leopoldstadt;Leopoldstadt;Behsel Stadtplan, WStLA, P1: 295/2
274;Herrngasse 239;239;201;211;;Herrngasse;Magistrat der Stadt Wien;48.2160631;16.3779785;Leopoldstadt;Leopoldstadt;Behsel Stadtplan, WStLA, P1: 295/2
275;Sperlgasse 240;240;202;212;;Sperlgasse;Magistrat der Stadt Wien;48.2158842;16.3781128;Leopoldstadt;Leopoldstadt;Behsel Stadtplan, WStLA, P1: 295/2
276;Sperlgasse 241;241;203;213;;Sperlgasse;Magistrat der Stadt Wien;48.2158171;16.378351;Leopoldstadt;Leopoldstadt;Behsel Stadtplan, WStLA, P1: 295/2
277;Sperlgasse 242;242;204;214;;Sperlgasse;Magistrat der Stadt Wien;48.2157567;16.378596;Leopoldstadt;Leopoldstadt;Behsel Stadtplan, WStLA, P1: 295/2
278;Sperlgasse 243;243;205;495;;Sperlgasse;Magistrat der Stadt Wien;48.2157276;16.3787437;Leopoldstadt;Leopoldstadt;Behsel Stadtplan, WStLA, P1: 295/2
279;Sperlgasse 244;244;206;215;;Sperlgasse;Magistrat der Stadt Wien;48.2156874;16.3788746;Leopoldstadt;Leopoldstadt;Behsel Stadtplan, WStLA, P1: 295/2
280;Sperlgasse 245;245;207;;;Sperlgasse;Magistrat der Stadt Wien;48.2156449;16.3791195;Leopoldstadt;Leopoldstadt;Behsel Stadtplan, WStLA, P1: 295/2
281;Sperlgasse 246;246;208;475;;Sperlgasse;Magistrat der Stadt Wien;48.215864;16.3791934;Leopoldstadt;Leopoldstadt;Behsel Stadtplan, WStLA, P1: 295/2
282;Sperlgasse 247;247;209;476;;Sperlgasse;Magistrat der Stadt Wien;48.2159244;16.3789383;Leopoldstadt;Leopoldstadt;Behsel Stadtplan, WStLA, P1: 295/2
283;Sperlgasse 248;248;210;477;;Sperlgasse;Magistrat der Stadt Wien;48.2159781;16.3786699;Leopoldstadt;Leopoldstadt;Behsel Stadtplan, WStLA, P1: 295/2
284;Sperlgasse 249;249;211;478;;Sperlgasse;Magistrat der Stadt Wien;48.216034;16.3784383;Leopoldstadt;Leopoldstadt;Behsel Stadtplan, WStLA, P1: 295/2
285;Herrngasse 250;250;212;479;;Herrngasse;Magistrat der Stadt Wien;48.2164879;16.3784685;Leopoldstadt;Leopoldstadt;Behsel Stadtplan, WStLA, P1: 295/2
286;Josephigasse 251;251;213;480;;Josephigasse;Magistrat der Stadt Wien;48.2164566;16.3787672;Leopoldstadt;Leopoldstadt;Behsel Stadtplan, WStLA, P1: 295/2
287;Josephigasse 252;252;214;481;;Josephigasse;Magistrat der Stadt Wien;48.2164253;16.3790457;Leopoldstadt;Leopoldstadt;Behsel Stadtplan, WStLA, P1: 295/2
288;Josephigasse 253;253;215;482;;Josephigasse;Magistrat der Stadt Wien;48.2163202;16.3794082;Leopoldstadt;Leopoldstadt;Behsel Stadtplan, WStLA, P1: 295/2
289;Josephigasse 254;254;216;483;;Josephigasse;Magistrat der Stadt Wien;48.2161212;16.3795424;Leopoldstadt;Leopoldstadt;Behsel Stadtplan, WStLA, P1: 295/2
290;Josephigasse 255;255;217;474;;Josephigasse;Magistrat der Stadt Wien;48.2158775;16.379539;Leopoldstadt;Leopoldstadt;Behsel Stadtplan, WStLA, P1: 295/2
291;Josephigasse 256;256;218;484;;Josephigasse;Magistrat der Stadt Wien;48.2165774;16.3793746;Leopoldstadt;Leopoldstadt;Behsel Stadtplan, WStLA, P1: 295/2
292;Josephigasse 257;257;219;485;;Josephigasse;Magistrat der Stadt Wien;48.2166109;16.3791095;Leopoldstadt;Leopoldstadt;Behsel Stadtplan, WStLA, P1: 295/2
293;Josephigasse 258;258;220;486;;Josephigasse;Magistrat der Stadt Wien;48.2166422;16.3788242;Leopoldstadt;Leopoldstadt;Behsel Stadtplan, WStLA, P1: 295/2
294;Josephigasse 259;259;221;492;;Josephigasse;Magistrat der Stadt Wien;48.216678;16.378492;Leopoldstadt;Leopoldstadt;Behsel Stadtplan, WStLA, P1: 295/2
295;Herrngasse 260;260;222;177;;Herrngasse;Magistrat der Stadt Wien;48.2170984;16.378596;Leopoldstadt;Leopoldstadt;Behsel Stadtplan, WStLA, P1: 295/2
296;Tandelmarktgasse 261;261;223;176;;Tandelmarktgasse;Magistrat der Stadt Wien;48.2170894;16.3790491;Leopoldstadt;Leopoldstadt;Behsel Stadtplan, WStLA, P1: 295/2
297;Tandelmarktgasse 262;262;224;175;;Tandelmarktgasse;Magistrat der Stadt Wien;48.2170917;16.3792471;Leopoldstadt;Leopoldstadt;Behsel Stadtplan, WStLA, P1: 295/2
298;Tandelmarktgasse 263;263;225;174;;Tandelmarktgasse;Magistrat der Stadt Wien;48.2171051;16.3794484;Leopoldstadt;Leopoldstadt;Behsel Stadtplan, WStLA, P1: 295/2
299;Tandelmarktgasse 264;264;226;173;;Tandelmarktgasse;Magistrat der Stadt Wien;48.2171095;16.3796431;Leopoldstadt;Leopoldstadt;Behsel Stadtplan, WStLA, P1: 295/2
300;Tandelmarktgasse 265;265;227;172;;Tandelmarktgasse;Magistrat der Stadt Wien;48.2171163;16.3798209;Leopoldstadt;Leopoldstadt;Behsel Stadtplan, WStLA, P1: 295/2
301;Tandelmarktgasse 266;266;228;171;;Tandelmarktgasse;Magistrat der Stadt Wien;48.2171163;16.3799652;Leopoldstadt;Leopoldstadt;Behsel Stadtplan, WStLA, P1: 295/2
302;Tandelmarktgasse 267;267;"229;230";"169;170";;Tandelmarktgasse;Magistrat der Stadt Wien;48.2171207;16.3801599;Leopoldstadt;Leopoldstadt;Behsel Stadtplan, WStLA, P1: 295/2
303;Tandelmarktgasse 268;268;231;168;;Tandelmarktgasse;Magistrat der Stadt Wien;48.217123;16.3803142;Leopoldstadt;Leopoldstadt;Behsel Stadtplan, WStLA, P1: 295/2
304;Tandelmarktgasse 269;269;232;167;;Tandelmarktgasse;Magistrat der Stadt Wien;48.2171297;16.3804451;Leopoldstadt;Leopoldstadt;Behsel Stadtplan, WStLA, P1: 295/2
305;Tandelmarktgasse 270;270;270;165;;Tandelmarktgasse;Magistrat der Stadt Wien;48.2172929;16.3803981;Leopoldstadt;Leopoldstadt;Behsel Stadtplan, WStLA, P1: 295/2
306;Tandelmarktgasse 271;271;233;164;;Tandelmarktgasse;Magistrat der Stadt Wien;48.2172929;16.3800894;Leopoldstadt;Leopoldstadt;Behsel Stadtplan, WStLA, P1: 295/2
307;Tandelmarktgasse 272;272;234;163;;Tandelmarktgasse;Magistrat der Stadt Wien;48.2172817;16.3799216;Leopoldstadt;Leopoldstadt;Behsel Stadtplan, WStLA, P1: 295/2
308;Rothe Kreuzgasse 273;273;235;162;;Rothe Kreuzgasse;Magistrat der Stadt Wien;48.2172996;16.3797773;Leopoldstadt;Leopoldstadt;Behsel Stadtplan, WStLA, P1: 295/2
309;Rothe Kreuzgasse 274;274;236;161;;Rothe Kreuzgasse;Magistrat der Stadt Wien;48.2174696;16.3796028;Leopoldstadt;Leopoldstadt;Behsel Stadtplan, WStLA, P1: 295/2
310;Tandelmarktgasse 275;275;237;160;;Tandelmarktgasse;Magistrat der Stadt Wien;48.2172683;16.3795189;Leopoldstadt;Leopoldstadt;Behsel Stadtplan, WStLA, P1: 295/2
311;Tandelmarktgasse 276;276;238;159;;Tandelmarktgasse;Magistrat der Stadt Wien;48.2172437;16.3792873;Leopoldstadt;Leopoldstadt;Behsel Stadtplan, WStLA, P1: 295/2
312;Tandelmarktgasse 277;277;239;158;;Tandelmarktgasse;Magistrat der Stadt Wien;48.217237;16.3790927;Leopoldstadt;Leopoldstadt;Behsel Stadtplan, WStLA, P1: 295/2
313;Tandelmarktgasse 278;278;240;157;;Tandelmarktgasse;Magistrat der Stadt Wien;48.2172437;16.3787605;Leopoldstadt;Leopoldstadt;Behsel Stadtplan, WStLA, P1: 295/2
314;Herrngasse 279;279;241;156;;Herrngasse;Magistrat der Stadt Wien;48.2172728;16.3783813;Leopoldstadt;Leopoldstadt;Behsel Stadtplan, WStLA, P1: 295/2
315;Herrngasse 280;280;242;155;;Herrngasse;Magistrat der Stadt Wien;48.2173779;16.378388;Leopoldstadt;Leopoldstadt;Behsel Stadtplan, WStLA, P1: 295/2
316;Herrngasse 281;281;243;154;;Herrngasse;Magistrat der Stadt Wien;48.2174964;16.3784014;Leopoldstadt;Leopoldstadt;Behsel Stadtplan, WStLA, P1: 295/2
317;Herrngasse 282;282;244;153;;Herrngasse;Magistrat der Stadt Wien;48.2176462;16.3784182;Leopoldstadt;Leopoldstadt;Behsel Stadtplan, WStLA, P1: 295/2
318;Herrngasse 283;283;245;152;;Herrngasse;Magistrat der Stadt Wien;48.217805;16.3784383;Leopoldstadt;Leopoldstadt;Behsel Stadtplan, WStLA, P1: 295/2
319;Baadgasse 284;284;246;151;;Baadgasse;Magistrat der Stadt Wien;48.2178922;16.3787168;Leopoldstadt;Leopoldstadt;Behsel Stadtplan, WStLA, P1: 295/2
320;Baadgasse 285;285;247;150;;Baadgasse;Magistrat der Stadt Wien;48.2178832;16.3791363;Leopoldstadt;Leopoldstadt;Behsel Stadtplan, WStLA, P1: 295/2
321;Baadgasse 286;286;593;;;Baadgasse;Magistrat der Stadt Wien;48.2178944;16.379482;Leopoldstadt;Leopoldstadt;Behsel Stadtplan, WStLA, P1: 295/2
322;Baadgasse 287;287;248;149;;Baadgasse;Magistrat der Stadt Wien;48.2179235;16.3799518;Leopoldstadt;Leopoldstadt;Behsel Stadtplan, WStLA, P1: 295/2
323;Baadgasse 288;288;249;148;;Baadgasse;Magistrat der Stadt Wien;48.2179212;16.380227;Leopoldstadt;Leopoldstadt;Behsel Stadtplan, WStLA, P1: 295/2
324;Baadgasse 289;289;"250;251";147;;Baadgasse;Magistrat der Stadt Wien;48.217919;16.3804653;Leopoldstadt;Leopoldstadt;Behsel Stadtplan, WStLA, P1: 295/2
325;Baadgasse 290;290;252;146;;Baadgasse;Magistrat der Stadt Wien;48.2180643;16.3804619;Leopoldstadt;Leopoldstadt;Behsel Stadtplan, WStLA, P1: 295/2
326;Baadgasse 291;291;253;145;;Baadgasse;Magistrat der Stadt Wien;48.2180576;16.3799988;Leopoldstadt;Leopoldstadt;Behsel Stadtplan, WStLA, P1: 295/2
327;Rothe Kreuzgasse 292;292;254;132;;Rothe Kreuzgasse;Magistrat der Stadt Wien;48.2184467;16.3797505;Leopoldstadt;Leopoldstadt;Behsel Stadtplan, WStLA, P1: 295/2
328;Rothe Kreuzgasse 293;293;255;144;;Rothe Kreuzgasse;Magistrat der Stadt Wien;48.218241;16.3797068;Leopoldstadt;Leopoldstadt;Behsel Stadtplan, WStLA, P1: 295/2
329;Rothe Kreuzgasse 294;294;256;143;;Rothe Kreuzgasse;Magistrat der Stadt Wien;48.2180196;16.3795625;Leopoldstadt;Leopoldstadt;Behsel Stadtplan, WStLA, P1: 295/2
330;Baadgasse 295;295;532;;;Baadgasse;Magistrat der Stadt Wien;48.2180219;16.3792202;Leopoldstadt;Leopoldstadt;Behsel Stadtplan, WStLA, P1: 295/2
331;Herrngasse 296;296;257;142;;Herrngasse;Magistrat der Stadt Wien;48.2180263;16.3785759;Leopoldstadt;Leopoldstadt;Behsel Stadtplan, WStLA, P1: 295/2
332;Herrngasse 297;297;258;141;;Herrngasse;Magistrat der Stadt Wien;48.2182276;16.3784651;Leopoldstadt;Leopoldstadt;Behsel Stadtplan, WStLA, P1: 295/2
333;Herrngasse 298;298;259;140;;Herrngasse;Magistrat der Stadt Wien;48.2184132;16.378492;Leopoldstadt;Leopoldstadt;Behsel Stadtplan, WStLA, P1: 295/2
334;Groﬂe Pfarrgasse 299;299;260;139;;Groﬂe Pfarrgasse;Magistrat der Stadt Wien;48.2186256;16.3785792;Leopoldstadt;Leopoldstadt;Behsel Stadtplan, WStLA, P1: 295/2
335;Groﬂe Pfarrgasse 300;300;261;138;;Groﬂe Pfarrgasse;Magistrat der Stadt Wien;48.2186099;16.3788309;Leopoldstadt;Leopoldstadt;Behsel Stadtplan, WStLA, P1: 295/2
336;Groﬂe Pfarrgasse 301;301;262;137;;Groﬂe Pfarrgasse;Magistrat der Stadt Wien;48.2185876;16.3790323;Leopoldstadt;Leopoldstadt;Behsel Stadtplan, WStLA, P1: 295/2
337;Groﬂe Pfarrgasse 302;302;263;136;;Groﬂe Pfarrgasse;Magistrat der Stadt Wien;48.2185764;16.3791967;Leopoldstadt;Leopoldstadt;Behsel Stadtplan, WStLA, P1: 295/2
338;Groﬂe Pfarrgasse 303;303;264;135;;Groﬂe Pfarrgasse;Magistrat der Stadt Wien;48.2185563;16.3793041;Leopoldstadt;Leopoldstadt;Behsel Stadtplan, WStLA, P1: 295/2
339;Groﬂe Pfarrgasse 304;304;265;134;;Groﬂe Pfarrgasse;Magistrat der Stadt Wien;48.2185473;16.379435;Leopoldstadt;Leopoldstadt;Behsel Stadtplan, WStLA, P1: 295/2
340;Groﬂe Pfarrgasse 305;305;266;133;;Groﬂe Pfarrgasse;Magistrat der Stadt Wien;48.2185317;16.3795692;Leopoldstadt;Leopoldstadt;Behsel Stadtplan, WStLA, P1: 295/2
341;Groﬂe Pfarrgasse 306;306;267;131;;Groﬂe Pfarrgasse;Magistrat der Stadt Wien;48.2185115;16.3799115;Leopoldstadt;Leopoldstadt;Behsel Stadtplan, WStLA, P1: 295/2
342;Groﬂe Pfarrgasse 307;307;549;;;Groﬂe Pfarrgasse;Magistrat der Stadt Wien;48.2184914;16.380076;Leopoldstadt;Leopoldstadt;Behsel Stadtplan, WStLA, P1: 295/2
343;Groﬂe Pfarrgasse 308;308;268;130;;Groﬂe Pfarrgasse;Magistrat der Stadt Wien;48.2184713;16.3803277;Leopoldstadt;Leopoldstadt;Behsel Stadtplan, WStLA, P1: 295/2
344;Taborstraﬂe 309;309;269;129;;Taborstraﬂe;Magistrat der Stadt Wien;48.2184512;16.3805525;Leopoldstadt;Leopoldstadt;Behsel Stadtplan, WStLA, P1: 295/2
345;Taborstraﬂe 310;310;510;;;Taborstraﬂe;Magistrat der Stadt Wien;48.217635;16.3805794;Leopoldstadt;Leopoldstadt;Behsel Stadtplan, WStLA, P1: 295/2
346;Taborstraﬂe 311;311;271;166;;Taborstraﬂe;Magistrat der Stadt Wien;48.2171118;16.3806767;Leopoldstadt;Leopoldstadt;Behsel Stadtplan, WStLA, P1: 295/2
347;Taborstraﬂe 312;312;272;408;Schulhaus bei den P. P. Karmeliten;Taborstraﬂe;Magistrat der Stadt Wien;48.2168278;16.3806666;Leopoldstadt;Leopoldstadt;Behsel Stadtplan, WStLA, P1: 295/2
348;Taborstraﬂe 313;313;273;216;Kloster der P. P. Karmeliten;Taborstraﬂe;Magistrat der Stadt Wien;48.2161078;16.3804116;Leopoldstadt;Leopoldstadt;Behsel Stadtplan, WStLA, P1: 295/2
349;Sperlgasse 612;612;0;;Gemeinde Leopoldstadt;Sperlgasse;Magistrat der Stadt Wien;48.2155734;16.3794182;Leopoldstadt;Leopoldstadt;Behsel Stadtplan, WStLA, P1: 295/2
350;Taborstraﬂe 314;314;274;217;;Taborstraﬂe;Magistrat der Stadt Wien;48.2151597;16.3800021;Leopoldstadt;Leopoldstadt;Behsel Stadtplan, WStLA, P1: 295/2
351;Taborstraﬂe 315;315;275;218;;Taborstraﬂe;Magistrat der Stadt Wien;48.2145291;16.379878;Leopoldstadt;Leopoldstadt;Behsel Stadtplan, WStLA, P1: 295/2
352;Taborstraﬂe 316;316;276;219;;Taborstraﬂe;Magistrat der Stadt Wien;48.2138985;16.3796699;Leopoldstadt;Leopoldstadt;Behsel Stadtplan, WStLA, P1: 295/2
353;Taborstraﬂe 317;317;277;220;;Taborstraﬂe;Magistrat der Stadt Wien;48.2134445;16.379482;Leopoldstadt;Leopoldstadt;Behsel Stadtplan, WStLA, P1: 295/2
354;Taborstraﬂe 318;318;278;221;;Taborstraﬂe;Magistrat der Stadt Wien;48.2132768;16.3793679;Leopoldstadt;Leopoldstadt;Behsel Stadtplan, WStLA, P1: 295/2
355;Taborstraﬂe 319;319;279;222;;Taborstraﬂe;Magistrat der Stadt Wien;48.213127;16.3792773;Leopoldstadt;Leopoldstadt;Behsel Stadtplan, WStLA, P1: 295/2
356;Taborstraﬂe 320;320;499;324;;Taborstraﬂe;Magistrat der Stadt Wien;48.2129928;16.3794551;Leopoldstadt;Leopoldstadt;Behsel Stadtplan, WStLA, P1: 295/2
357;Taborstraﬂe 321;321;280;225;;Taborstraﬂe;Magistrat der Stadt Wien;48.2135541;16.379888;Leopoldstadt;Leopoldstadt;Behsel Stadtplan, WStLA, P1: 295/2
358;Taborstraﬂe 322;322;281;226;;Taborstraﬂe;Magistrat der Stadt Wien;48.2140684;16.3800928;Leopoldstadt;Leopoldstadt;Behsel Stadtplan, WStLA, P1: 295/2
359;Taborstraﬂe 323;323;282;227;;Taborstraﬂe;Magistrat der Stadt Wien;48.2144217;16.3802102;Leopoldstadt;Leopoldstadt;Behsel Stadtplan, WStLA, P1: 295/2
360;Taborstraﬂe 324;324;283;228;Zinshaus der Barmherzigen Br¸der;Taborstraﬂe;Magistrat der Stadt Wien;48.2145805;16.3802538;Leopoldstadt;Leopoldstadt;Behsel Stadtplan, WStLA, P1: 295/2
361;Taborstraﬂe 325;325;284;229;Kloster der Barmherzigen Br¸der;Taborstraﬂe;Magistrat der Stadt Wien;48.2149852;16.3803512;Leopoldstadt;Leopoldstadt;Behsel Stadtplan, WStLA, P1: 295/2
362;Taborstraﬂe 326;326;285;230;;Taborstraﬂe;Magistrat der Stadt Wien;48.2155219;16.3804854;Leopoldstadt;Leopoldstadt;Behsel Stadtplan, WStLA, P1: 295/2
363;Taborstraﬂe 327;327;286;241;;Taborstraﬂe;Magistrat der Stadt Wien;48.2160832;16.3807874;Leopoldstadt;Leopoldstadt;Behsel Stadtplan, WStLA, P1: 295/2
364;Taborstraﬂe 328;328;287;242;Dem B¸rgerspital gehˆrigt;Taborstraﬂe;Magistrat der Stadt Wien;48.2165282;16.3810358;Leopoldstadt;Leopoldstadt;Behsel Stadtplan, WStLA, P1: 295/2
365;Taborstraﬂe 329;329;288;243;;Taborstraﬂe;Magistrat der Stadt Wien;48.2167518;16.3811633;Leopoldstadt;Leopoldstadt;Behsel Stadtplan, WStLA, P1: 295/2
366;Taborstraﬂe 330;330;289;244;;Taborstraﬂe;Magistrat der Stadt Wien;48.2171051;16.3814083;Leopoldstadt;Leopoldstadt;Behsel Stadtplan, WStLA, P1: 295/2
367;Taborstraﬂe 331;331;291;269;;Taborstraﬂe;Magistrat der Stadt Wien;48.2173287;16.381029;Leopoldstadt;Leopoldstadt;Behsel Stadtplan, WStLA, P1: 295/2
368;Glockengasse 332;332;290;245;;Glockengasse;Magistrat der Stadt Wien;48.2174785;16.3816264;Leopoldstadt;Leopoldstadt;Behsel Stadtplan, WStLA, P1: 295/2
369;Kleine Hafnergasse 333;333;292;260;;Kleine Hafnergasse;Magistrat der Stadt Wien;48.2175411;16.3814385;Leopoldstadt;Leopoldstadt;Behsel Stadtplan, WStLA, P1: 295/2
370;Kleine Hafnergasse 334;334;293;270;;Kleine Hafnergasse;Magistrat der Stadt Wien;48.2175746;16.3812539;Leopoldstadt;Leopoldstadt;Behsel Stadtplan, WStLA, P1: 295/2
371;Taborstraﬂe 335;335;294;271;;Taborstraﬂe;Magistrat der Stadt Wien;48.2178094;16.3810123;Leopoldstadt;Leopoldstadt;Behsel Stadtplan, WStLA, P1: 295/2
372;Taborstraﬂe 336;336;295;272;;Taborstraﬂe;Magistrat der Stadt Wien;48.2180621;16.3812136;Leopoldstadt;Leopoldstadt;Behsel Stadtplan, WStLA, P1: 295/2
373;Taborstraﬂe 337;337;296;488;;Taborstraﬂe;Magistrat der Stadt Wien;48.2181605;16.3810257;Leopoldstadt;Leopoldstadt;Behsel Stadtplan, WStLA, P1: 295/2
374;Taborstraﬂe 338;338;297;273;;Taborstraﬂe;Magistrat der Stadt Wien;48.218279;16.381029;Leopoldstadt;Leopoldstadt;Behsel Stadtplan, WStLA, P1: 295/2
375;Taborstraﬂe 339;339;298;423;;Taborstraﬂe;Magistrat der Stadt Wien;48.2184042;16.3810257;Leopoldstadt;Leopoldstadt;Behsel Stadtplan, WStLA, P1: 295/2
376;Taborstraﬂe 340;340;299;274;;Taborstraﬂe;Magistrat der Stadt Wien;48.218563;16.3810425;Leopoldstadt;Leopoldstadt;Behsel Stadtplan, WStLA, P1: 295/2
377;Taborstraﬂe 341;341;300;275;;Taborstraﬂe;Magistrat der Stadt Wien;48.2187396;16.3810525;Leopoldstadt;Leopoldstadt;Behsel Stadtplan, WStLA, P1: 295/2
378;Taborstraﬂe 342;342;301;276;;Taborstraﬂe;Magistrat der Stadt Wien;48.218838;16.3810626;Leopoldstadt;Leopoldstadt;Behsel Stadtplan, WStLA, P1: 295/2
379;Taborstraﬂe 343;343;302;277;;Taborstraﬂe;Magistrat der Stadt Wien;48.2189722;16.381066;Leopoldstadt;Leopoldstadt;Behsel Stadtplan, WStLA, P1: 295/2
380;Taborstraﬂe 344;344;303;278;;Taborstraﬂe;Magistrat der Stadt Wien;48.2191085;16.3810592;Leopoldstadt;Leopoldstadt;Behsel Stadtplan, WStLA, P1: 295/2
381;Taborstraﬂe 347;347;304;279;;Taborstraﬂe;Magistrat der Stadt Wien;48.2192874;16.3810895;Leopoldstadt;Leopoldstadt;Behsel Stadtplan, WStLA, P1: 295/2
382;Augartenstraﬂe 346;346;308;83;;Augartenstraﬂe;Magistrat der Stadt Wien;48.2194775;16.3805458;Leopoldstadt;Leopoldstadt;Behsel Stadtplan, WStLA, P1: 295/2
383;Augartenstraﬂe 345;345;307;403;;Augartenstraﬂe;Magistrat der Stadt Wien;48.2197637;16.3800693;Leopoldstadt;Leopoldstadt;Behsel Stadtplan, WStLA, P1: 295/2
384;Taborstraﬂe 348;348;305;280;;Taborstraﬂe;Magistrat der Stadt Wien;48.219947;16.381467;Leopoldstadt;Leopoldstadt;Behsel Stadtplan, WStLA, P1: 295/2
385;Taborstraﬂe 349;349;306;281;;Taborstraﬂe;Magistrat der Stadt Wien;48.2203562;16.381722;Leopoldstadt;Leopoldstadt;Behsel Stadtplan, WStLA, P1: 295/2
386;Taborstraﬂe 350;350;309;404;;Taborstraﬂe;Magistrat der Stadt Wien;48.2205664;16.3814938;Leopoldstadt;Leopoldstadt;Behsel Stadtplan, WStLA, P1: 295/2
387;Taborstraﬂe 351;351;310;84;;Taborstraﬂe;Magistrat der Stadt Wien;48.2205194;16.3811683;Leopoldstadt;Leopoldstadt;Behsel Stadtplan, WStLA, P1: 295/2
388;Taborstraﬂe 352;352;562;;;Taborstraﬂe;Magistrat der Stadt Wien;48.2214188;16.3818764;Leopoldstadt;Leopoldstadt;Behsel Stadtplan, WStLA, P1: 295/2
389;Taborstraﬂe 353;353;569;;;Taborstraﬂe;Magistrat der Stadt Wien;48.2215524;16.3819309;Leopoldstadt;Leopoldstadt;Behsel Stadtplan, WStLA, P1: 295/2
390;Am Tabor 363;363;320;91;;Am Tabor;Magistrat der Stadt Wien;48.2243455;16.3854789;Leopoldstadt;Leopoldstadt;Behsel Stadtplan, WStLA, P1: 295/2
391;Am Tabor 364;364;321;92;;Am Tabor;Magistrat der Stadt Wien;48.2245445;16.3843279;Leopoldstadt;Leopoldstadt;Behsel Stadtplan, WStLA, P1: 295/2
392;Am Tabor 365;365;322;93;;Am Tabor;Magistrat der Stadt Wien;48.2248843;16.3839621;Leopoldstadt;Leopoldstadt;Behsel Stadtplan, WStLA, P1: 295/2
393;Am Tabor 366;366;323;94;;Am Tabor;Magistrat der Stadt Wien;48.2249223;16.3837003;Leopoldstadt;Leopoldstadt;Behsel Stadtplan, WStLA, P1: 295/2
394;Am Tabor 356;356;313;86;Br¸cken¸bergehers Wohnung;Am Tabor;Magistrat der Stadt Wien;48.2251839;16.3839923;Leopoldstadt;Leopoldstadt;Behsel Stadtplan, WStLA, P1: 295/2
395;Am Tabor 357;357;314;87;Br¸ckenmeisters Wohnung;Am Tabor;Stift Klosterneuburg;48.2256288;16.3849235;Leopoldstadt;Leopoldstadt;Behsel Stadtplan, WStLA, P1: 295/2
396;Am Tabor 358;358;315;88;Br¸ckenpoliers Wohnung;Am Tabor;Stift Klosterneuburg;48.2252577;16.3859219;Leopoldstadt;Leopoldstadt;Behsel Stadtplan, WStLA, P1: 295/2
397;Am Tabor 359;359;316;171;;Am Tabor;Stift Klosterneuburg;48.2253102;16.3870629;Leopoldstadt;Leopoldstadt;Behsel Stadtplan, WStLA, P1: 295/2
398;Am Tabor 360;360;317;89;K. K. Linienmauth-Amtsgeb‰ude;Am Tabor;Stift Klosterneuburg;48.2251537;16.3869052;Leopoldstadt;Leopoldstadt;Behsel Stadtplan, WStLA, P1: 295/2
399;Am Tabor 361;361;318;90;K. K. Linien-Amt;Am Tabor;Stift Klosterneuburg;48.224929;16.386776;Leopoldstadt;Leopoldstadt;Behsel Stadtplan, WStLA, P1: 295/2
400;Am Tabor 363;363;320;91;;Am Tabor;Magistrat der Stadt Wien;48.2237597;16.3865713;Leopoldstadt;Leopoldstadt;Behsel Stadtplan, WStLA, P1: 295/2
401;Groﬂe Stadtgutgasse 367;367;324;282;;Groﬂe Stadtgutgasse;Magistrat der Stadt Wien;48.2208263;16.3818999;Leopoldstadt;Leopoldstadt;Behsel Stadtplan, WStLA, P1: 295/2
402;Groﬂe Stadtgutgasse 368;368;325;431;;Groﬂe Stadtgutgasse;Magistrat der Stadt Wien;48.2204149;16.3822556;Leopoldstadt;Leopoldstadt;Behsel Stadtplan, WStLA, P1: 295/2
403;Groﬂe Stadtgutgasse 369;369;326;283;;Groﬂe Stadtgutgasse;Magistrat der Stadt Wien;48.2202159;16.383249;Leopoldstadt;Leopoldstadt;Behsel Stadtplan, WStLA, P1: 295/2
404;Groﬂe Stadtgutgasse 370;370;327;424;;Groﬂe Stadtgutgasse;Magistrat der Stadt Wien;48.2201712;16.3835443;Leopoldstadt;Leopoldstadt;Behsel Stadtplan, WStLA, P1: 295/2
405;Groﬂe Stadtgutgasse 371;371;328;284;;Groﬂe Stadtgutgasse;Magistrat der Stadt Wien;48.2201332;16.3837624;Leopoldstadt;Leopoldstadt;Behsel Stadtplan, WStLA, P1: 295/2
406;Groﬂe Stadtgutgasse 372;372;329;285;;Groﬂe Stadtgutgasse;Magistrat der Stadt Wien;48.2200571;16.3840376;Leopoldstadt;Leopoldstadt;Behsel Stadtplan, WStLA, P1: 295/2
407;Groﬂe Stadtgutgasse 373;373;337;290;;Groﬂe Stadtgutgasse;Magistrat der Stadt Wien;48.2198649;16.384041;Leopoldstadt;Leopoldstadt;Behsel Stadtplan, WStLA, P1: 295/2
408;Groﬂe Stadtgutgasse 374;374;336;292;;Groﬂe Stadtgutgasse;Magistrat der Stadt Wien;48.219838;16.3842155;Leopoldstadt;Leopoldstadt;Behsel Stadtplan, WStLA, P1: 295/2
409;Groﬂe Stadtgutgasse 375;375;330;286;;Groﬂe Stadtgutgasse;Magistrat der Stadt Wien;48.2198716;16.3850578;Leopoldstadt;Leopoldstadt;Behsel Stadtplan, WStLA, P1: 295/2
410;Groﬂe Stadtgutgasse 376;376;331;287;;Groﬂe Stadtgutgasse;Magistrat der Stadt Wien;48.2197083;16.3859001;Leopoldstadt;Leopoldstadt;Behsel Stadtplan, WStLA, P1: 295/2
411;Groﬂe Stadtgutgasse 377;377;332;288;;Groﬂe Stadtgutgasse;Magistrat der Stadt Wien;48.2196659;16.3861216;Leopoldstadt;Leopoldstadt;Behsel Stadtplan, WStLA, P1: 295/2
412;Groﬂe Stadtgutgasse 378;378;333;289;;Groﬂe Stadtgutgasse;Magistrat der Stadt Wien;48.2195429;16.3867827;Leopoldstadt;Leopoldstadt;Behsel Stadtplan, WStLA, P1: 295/2
413;Groﬂe Stadtgutgasse zwischen 377 und 378 595;595;0;;;Groﬂe Stadtgutgasse zwischen 377 und 378;Magistrat der Stadt Wien;48.2196178;16.386375;Leopoldstadt;Leopoldstadt;Behsel Stadtplan, WStLA, P1: 295/2
414;G‰rtnergasse 384;384;341;298;;G‰rtnergasse;Magistrat der Stadt Wien;48.21908;16.383952;Leopoldstadt;Leopoldstadt;Behsel Stadtplan, WStLA, P1: 295/2
415;G‰rtnergasse 385;385;342;399;;G‰rtnergasse;Magistrat der Stadt Wien;48.2188933;16.3848262;Leopoldstadt;Leopoldstadt;Behsel Stadtplan, WStLA, P1: 295/2
416;Glockengasse 380;380;338;294;;Glockengasse;Magistrat der Stadt Wien;48.2198526;16.3827221;Leopoldstadt;Leopoldstadt;Behsel Stadtplan, WStLA, P1: 295/2
417;Glockengasse 381;381;546;;;Glockengasse;Magistrat der Stadt Wien;48.2196916;16.3828597;Leopoldstadt;Leopoldstadt;Behsel Stadtplan, WStLA, P1: 295/2
418;Glockengasse 382;382;339;295;;Glockengasse;Magistrat der Stadt Wien;48.2197285;16.3826399;Leopoldstadt;Leopoldstadt;Behsel Stadtplan, WStLA, P1: 295/2
419;G‰rtnergasse 383;383;340;296;;G‰rtnergasse;Magistrat der Stadt Wien;48.2195831;16.3827825;Leopoldstadt;Leopoldstadt;Behsel Stadtplan, WStLA, P1: 295/2
420;Glockengasse 436;436;389;297;;Glockengasse;Magistrat der Stadt Wien;48.2192969;16.3825845;Leopoldstadt;Leopoldstadt;Behsel Stadtplan, WStLA, P1: 295/2
421;Glockengasse 437;437;390;266;;Glockengasse;Magistrat der Stadt Wien;48.2186887;16.3820744;Leopoldstadt;Leopoldstadt;Behsel Stadtplan, WStLA, P1: 295/2
422;Glockengasse 438;438;391;467;;Glockengasse;Magistrat der Stadt Wien;48.2185557;16.382009;Leopoldstadt;Leopoldstadt;Behsel Stadtplan, WStLA, P1: 295/2
423;Glockengasse 435;435;388;265;;Glockengasse;Magistrat der Stadt Wien;48.2185624;16.3822137;Leopoldstadt;Leopoldstadt;Behsel Stadtplan, WStLA, P1: 295/2
424;Glockengasse 439;439;392;267;;Glockengasse;Magistrat der Stadt Wien;48.2184484;16.3819637;Leopoldstadt;Leopoldstadt;Behsel Stadtplan, WStLA, P1: 295/2
425;Glockengasse 440;440;393;;;Glockengasse;Magistrat der Stadt Wien;48.2182415;16.3818647;Leopoldstadt;Leopoldstadt;Behsel Stadtplan, WStLA, P1: 295/2
426;Glockengasse 434;434;387;264;;Glockengasse;Magistrat der Stadt Wien;48.2183735;16.3824788;Leopoldstadt;Leopoldstadt;Behsel Stadtplan, WStLA, P1: 295/2
427;Glockengasse 433;433;386;263;;Glockengasse;Magistrat der Stadt Wien;48.2182885;16.3821113;Leopoldstadt;Leopoldstadt;Behsel Stadtplan, WStLA, P1: 295/2
428;Glockengasse 441;441;394;472;;Glockengasse;Magistrat der Stadt Wien;48.2178424;16.3816767;Leopoldstadt;Leopoldstadt;Behsel Stadtplan, WStLA, P1: 295/2
429;Rothe Sterngasse 442;442;566;;;Rothe Sterngasse;Magistrat der Stadt Wien;48.2176445;16.3817422;Leopoldstadt;Leopoldstadt;Behsel Stadtplan, WStLA, P1: 295/2
430;Rothe Sterngasse 443;443;395;246;;Rothe Sterngasse;Magistrat der Stadt Wien;48.2176848;16.3821415;Leopoldstadt;Leopoldstadt;Behsel Stadtplan, WStLA, P1: 295/2
431;Rothe Sterngasse 444;444;396;247;;Rothe Sterngasse;Magistrat der Stadt Wien;48.2176367;16.3823999;Leopoldstadt;Leopoldstadt;Behsel Stadtplan, WStLA, P1: 295/2
432;Rothe Sterngasse 445;445;397;248;;Rothe Sterngasse;Magistrat der Stadt Wien;48.2175853;16.3826952;Leopoldstadt;Leopoldstadt;Behsel Stadtplan, WStLA, P1: 295/2
433;Rothe Sterngasse 429;429;382;259;;Rothe Sterngasse;Magistrat der Stadt Wien;48.2177429;16.3831802;Leopoldstadt;Leopoldstadt;Behsel Stadtplan, WStLA, P1: 295/2
434;Rothe Sterngasse 430;430;383;260;;Rothe Sterngasse;Magistrat der Stadt Wien;48.2177172;16.3828043;Leopoldstadt;Leopoldstadt;Behsel Stadtplan, WStLA, P1: 295/2
435;Rothe Sterngasse 431;431;384;261;;Rothe Sterngasse;Magistrat der Stadt Wien;48.2177709;16.382457;Leopoldstadt;Leopoldstadt;Behsel Stadtplan, WStLA, P1: 295/2
436;Glockengasse 432;432;385;262;;Glockengasse;Magistrat der Stadt Wien;48.2178335;16.3821617;Leopoldstadt;Leopoldstadt;Behsel Stadtplan, WStLA, P1: 295/2
437;Rothe Sterngasse 446;446;398;249;;Rothe Sterngasse;Magistrat der Stadt Wien;48.2174992;16.3831567;Leopoldstadt;Leopoldstadt;Behsel Stadtplan, WStLA, P1: 295/2
438;Rothe Sterngasse 447;447;399;400;;Rothe Sterngasse;Magistrat der Stadt Wien;48.2174343;16.3834788;Leopoldstadt;Leopoldstadt;Behsel Stadtplan, WStLA, P1: 295/2
439;Rothe Sterngasse 448;448;400;250;;Rothe Sterngasse;Magistrat der Stadt Wien;48.2173963;16.3836802;Leopoldstadt;Leopoldstadt;Behsel Stadtplan, WStLA, P1: 295/2
440;Rothe Sterngasse 428;428;381;258;;Rothe Sterngasse;Magistrat der Stadt Wien;48.2175808;16.3834973;Leopoldstadt;Leopoldstadt;Behsel Stadtplan, WStLA, P1: 295/2
441;Rothe Sterngasse 427;427;380;257;;Rothe Sterngasse;Magistrat der Stadt Wien;48.2175417;16.3836903;Leopoldstadt;Leopoldstadt;Behsel Stadtplan, WStLA, P1: 295/2
442;Rothe Sterngasse 426;426;379;256;;Rothe Sterngasse;Magistrat der Stadt Wien;48.2174723;16.3838581;Leopoldstadt;Leopoldstadt;Behsel Stadtplan, WStLA, P1: 295/2
443;Rothe Sterngasse 425;425;378;401;;Rothe Sterngasse;Magistrat der Stadt Wien;48.2173952;16.3840829;Leopoldstadt;Leopoldstadt;Behsel Stadtplan, WStLA, P1: 295/2
444;Rothe Sterngasse 424;424;377;255;;Rothe Sterngasse;Magistrat der Stadt Wien;48.2172711;16.3844084;Leopoldstadt;Leopoldstadt;Behsel Stadtplan, WStLA, P1: 295/2
445;Rothe Sterngasse zwischen 448 und 449 594;594;0;;;Rothe Sterngasse zwischen 448 und 449;Magistrat der Stadt Wien;48.2172499;16.3840426;Leopoldstadt;Leopoldstadt;Behsel Stadtplan, WStLA, P1: 295/2
446;Groﬂe Fuhrmannsgasse 423;423;"375;376";"347;428";;Groﬂe Fuhrmannsgasse;Magistrat der Stadt Wien;48.2170766;16.3848279;Leopoldstadt;Leopoldstadt;Behsel Stadtplan, WStLA, P1: 295/2
447;Rothe Sterngasse 449;449;591;;;Rothe Sterngasse;Magistrat der Stadt Wien;48.2170877;16.3842893;Leopoldstadt;Leopoldstadt;Behsel Stadtplan, WStLA, P1: 295/2
448;Kleine Fuhrmanngasse zwischen 449 und 450 596;596;0;;;Kleine Fuhrmanngasse zwischen 449 und 450;Magistrat der Stadt Wien;48.2168999;16.3841534;Leopoldstadt;Leopoldstadt;Behsel Stadtplan, WStLA, P1: 295/2
449;Kleine Fuhrmanngasse 450;450;401;251;;Kleine Fuhrmanngasse;Magistrat der Stadt Wien;48.2167579;16.3840342;Leopoldstadt;Leopoldstadt;Behsel Stadtplan, WStLA, P1: 295/2
450;Kleine Fuhrmanngasse 451;451;402;252;;Kleine Fuhrmanngasse;Magistrat der Stadt Wien;48.2165254;16.3838094;Leopoldstadt;Leopoldstadt;Behsel Stadtplan, WStLA, P1: 295/2
451;Schmelzgasse 452;452;430;263;;Schmelzgasse;Magistrat der Stadt Wien;48.2160837;16.3827422;Leopoldstadt;Leopoldstadt;Behsel Stadtplan, WStLA, P1: 295/2
452;Schmelzgasse 453;453;404;237;;Schmelzgasse;Magistrat der Stadt Wien;48.2162638;16.3829956;Leopoldstadt;Leopoldstadt;Behsel Stadtplan, WStLA, P1: 295/2
453;Schmelzgasse 454;454;405;238;;Schmelzgasse;Magistrat der Stadt Wien;48.2161687;16.3824905;Leopoldstadt;Leopoldstadt;Behsel Stadtplan, WStLA, P1: 295/2
454;Brunngasse 455;455;406;239;;Brunngasse;Magistrat der Stadt Wien;48.2159205;16.3821684;Leopoldstadt;Leopoldstadt;Behsel Stadtplan, WStLA, P1: 295/2
455;Brunngasse 456;456;407;240;;Brunngasse;Magistrat der Stadt Wien;48.2158881;16.3818496;Leopoldstadt;Leopoldstadt;Behsel Stadtplan, WStLA, P1: 295/2
456;Brunngasse 457;457;408;240;;Brunngasse;Magistrat der Stadt Wien;48.2158512;16.3813378;Leopoldstadt;Leopoldstadt;Behsel Stadtplan, WStLA, P1: 295/2
457;Brunngasse 458;458;409;231;;Brunngasse;Magistrat der Stadt Wien;48.2157752;16.3820845;Leopoldstadt;Leopoldstadt;Behsel Stadtplan, WStLA, P1: 295/2
458;Groﬂe Hafnergasse 459;459;557;;;Groﬂe Hafnergasse;Magistrat der Stadt Wien;48.2155393;16.3821751;Leopoldstadt;Leopoldstadt;Behsel Stadtplan, WStLA, P1: 295/2
459;Groﬂe Hafnergasse 601;601;0;;;Groﬂe Hafnergasse;Magistrat der Stadt Wien;48.2157606;16.3824419;Leopoldstadt;Leopoldstadt;Behsel Stadtplan, WStLA, P1: 295/2
460;Schmelzgasse 466;466;414;456;;Schmelzgasse;Magistrat der Stadt Wien;48.2158847;16.3831349;Leopoldstadt;Leopoldstadt;Behsel Stadtplan, WStLA, P1: 295/2
461;Schmelzgasse 467;467;415;352;;Schmelzgasse;Magistrat der Stadt Wien;48.2160021;16.3836198;Leopoldstadt;Leopoldstadt;Behsel Stadtplan, WStLA, P1: 295/2
462;An der Donau 588;588;504;2;;An der Donau;Magistrat der Stadt Wien;48.2160122;16.383796;Leopoldstadt;Leopoldstadt;Behsel Stadtplan, WStLA, P1: 295/2
463;Groﬂe Fuhrmannsgasse 475;475;423;351;;Groﬂe Fuhrmannsgasse;Magistrat der Stadt Wien;48.2160983;16.3839218;Leopoldstadt;Leopoldstadt;Behsel Stadtplan, WStLA, P1: 295/2
464;Groﬂe Fuhrmannsgasse 474;474;422;460;;Groﬂe Fuhrmannsgasse;Magistrat der Stadt Wien;48.2162705;16.3841702;Leopoldstadt;Leopoldstadt;Behsel Stadtplan, WStLA, P1: 295/2
465;Groﬂe Fuhrmannsgasse 476;476;424;353;;Groﬂe Fuhrmannsgasse;Magistrat der Stadt Wien;48.2157629;16.3835543;Leopoldstadt;Leopoldstadt;Behsel Stadtplan, WStLA, P1: 295/2
466;Kleine Fuhrmanngasse 468;468;416;450;;Kleine Fuhrmanngasse;Magistrat der Stadt Wien;48.2163688;16.3838765;Leopoldstadt;Leopoldstadt;Behsel Stadtplan, WStLA, P1: 295/2
467;Kleine Fuhrmanngasse 469;469;417;253;;Kleine Fuhrmanngasse;Magistrat der Stadt Wien;48.2165108;16.3840158;Leopoldstadt;Leopoldstadt;Behsel Stadtplan, WStLA, P1: 295/2
468;Kleine Fuhrmanngasse 470;470;418;254;;Kleine Fuhrmanngasse;Magistrat der Stadt Wien;48.2168328;16.384348;Leopoldstadt;Leopoldstadt;Behsel Stadtplan, WStLA, P1: 295/2
469;Groﬂe Fuhrmannsgasse 473;473;421;350;;Groﬂe Fuhrmannsgasse;Magistrat der Stadt Wien;48.2164125;16.3843463;Leopoldstadt;Leopoldstadt;Behsel Stadtplan, WStLA, P1: 295/2
470;Groﬂe Fuhrmannsgasse 472;472;420;349;;Groﬂe Fuhrmannsgasse;Magistrat der Stadt Wien;48.2165175;16.3844839;Leopoldstadt;Leopoldstadt;Behsel Stadtplan, WStLA, P1: 295/2
471;Groﬂe Fuhrmannsgasse 471;471;419;348;;Groﬂe Fuhrmannsgasse;Magistrat der Stadt Wien;48.2166115;16.3845729;Leopoldstadt;Leopoldstadt;Behsel Stadtplan, WStLA, P1: 295/2
472;Groﬂe Fuhrmannsgasse 417;417;370;441;;Groﬂe Fuhrmannsgasse;Magistrat der Stadt Wien;48.2170419;16.3853296;Leopoldstadt;Leopoldstadt;Behsel Stadtplan, WStLA, P1: 295/2
473;Groﬂe Fuhrmannsgasse 418;418;371;343;;Groﬂe Fuhrmannsgasse;Magistrat der Stadt Wien;48.217384;16.3856384;Leopoldstadt;Leopoldstadt;Behsel Stadtplan, WStLA, P1: 295/2
474;Groﬂe Fuhrmannsgasse 419;419;372;344;;Groﬂe Fuhrmannsgasse;Magistrat der Stadt Wien;48.217905;16.3861149;Leopoldstadt;Leopoldstadt;Behsel Stadtplan, WStLA, P1: 295/2
475;Groﬂe Fuhrmannsgasse 420;420;373;345;;Groﬂe Fuhrmannsgasse;Magistrat der Stadt Wien;48.2180705;16.3862542;Leopoldstadt;Leopoldstadt;Behsel Stadtplan, WStLA, P1: 295/2
476;Groﬂe Fuhrmannsgasse 421;421;563;;;Groﬂe Fuhrmannsgasse;Magistrat der Stadt Wien;48.2181879;16.3863582;Leopoldstadt;Leopoldstadt;Behsel Stadtplan, WStLA, P1: 295/2
477;Groﬂe Fuhrmannsgasse 422;422;374;346;;Groﬂe Fuhrmannsgasse;Magistrat der Stadt Wien;48.2183791;16.3865159;Leopoldstadt;Leopoldstadt;Behsel Stadtplan, WStLA, P1: 295/2
478;G‰rtnergasse 386;386;343;407;;G‰rtnergasse;Magistrat der Stadt Wien;48.2186586;16.3864454;Leopoldstadt;Leopoldstadt;Behsel Stadtplan, WStLA, P1: 295/2
479;Groﬂe Fuhrmannsgasse 387;387;344;300;;Groﬂe Fuhrmannsgasse;Magistrat der Stadt Wien;48.2187189;16.3867542;Leopoldstadt;Leopoldstadt;Behsel Stadtplan, WStLA, P1: 295/2
480;G‰rtnergasse 388;388;345;342;;G‰rtnergasse;Magistrat der Stadt Wien;48.2185255;16.3869992;Leopoldstadt;Leopoldstadt;Behsel Stadtplan, WStLA, P1: 295/2
481;G‰rtnergasse 389;389;531;;;G‰rtnergasse;Magistrat der Stadt Wien;48.2184618;16.3872727;Leopoldstadt;Leopoldstadt;Behsel Stadtplan, WStLA, P1: 295/2
482;Kleine Stadtgutgasse 390;390;346;301;;Kleine Stadtgutgasse;Magistrat der Stadt Wien;48.2183925;16.3875747;Leopoldstadt;Leopoldstadt;Behsel Stadtplan, WStLA, P1: 295/2
483;G‰rtnergasse 391;391;553;;;G‰rtnergasse;Magistrat der Stadt Wien;48.2181923;16.3879069;Leopoldstadt;Leopoldstadt;Behsel Stadtplan, WStLA, P1: 295/2
484;Kleine Stadtgutgasse 392;392;347;302;;Kleine Stadtgutgasse;Magistrat der Stadt Wien;48.2185099;16.3880395;Leopoldstadt;Leopoldstadt;Behsel Stadtplan, WStLA, P1: 295/2
485;Kleine Stadtgutgasse 393;393;348;405;;Kleine Stadtgutgasse;Magistrat der Stadt Wien;48.2186082;16.38812;Leopoldstadt;Leopoldstadt;Behsel Stadtplan, WStLA, P1: 295/2
486;Kleine Stadtgutgasse 394;394;349;406;;Kleine Stadtgutgasse;Magistrat der Stadt Wien;48.2187502;16.3882392;Leopoldstadt;Leopoldstadt;Behsel Stadtplan, WStLA, P1: 295/2
487;Kleine Stadtgutgasse 395;395;522;;;Kleine Stadtgutgasse;Magistrat der Stadt Wien;48.2188721;16.3883398;Leopoldstadt;Leopoldstadt;Behsel Stadtplan, WStLA, P1: 295/2
488;Im Prater 396;396;"350;351";"425;465";;Im Prater;Magistrat der Stadt Wien;48.2181107;16.3898835;Leopoldstadt;Leopoldstadt;Behsel Stadtplan, WStLA, P1: 295/2
489;Im Prater 397;397;352;451;;Im Prater;Magistrat der Stadt Wien;48.2179676;16.3900245;Leopoldstadt;Leopoldstadt;Behsel Stadtplan, WStLA, P1: 295/2
490;Praterstraﬂe 398;398;353;304;;Praterstraﬂe;Magistrat der Stadt Wien;48.2178391;16.3897913;Leopoldstadt;Leopoldstadt;Behsel Stadtplan, WStLA, P1: 295/2
491;Marokanergasse 399;399;354;466;;Marokanergasse;Magistrat der Stadt Wien;48.2178279;16.3894137;Leopoldstadt;Leopoldstadt;Behsel Stadtplan, WStLA, P1: 295/2
492;G‰rtnergasse 608;608;0;;;G‰rtnergasse;Magistrat der Stadt Wien;48.2178961;16.3891687;Leopoldstadt;Leopoldstadt;Behsel Stadtplan, WStLA, P1: 295/2
493;Marokanergasse 400;400;363;303;;Marokanergasse;Magistrat der Stadt Wien;48.2177653;16.3891687;Leopoldstadt;Leopoldstadt;Behsel Stadtplan, WStLA, P1: 295/2
494;Praterstraﬂe 401;401;355;457;;Praterstraﬂe;Magistrat der Stadt Wien;48.2176087;16.3893869;Leopoldstadt;Leopoldstadt;Behsel Stadtplan, WStLA, P1: 295/2
495;Praterstraﬂe 402;402;356;305;;Praterstraﬂe;Magistrat der Stadt Wien;48.2174969;16.3891973;Leopoldstadt;Leopoldstadt;Behsel Stadtplan, WStLA, P1: 295/2
496;Praterstraﬂe 403;403;362;306;;Praterstraﬂe;Magistrat der Stadt Wien;48.2173661;16.3889372;Leopoldstadt;Leopoldstadt;Behsel Stadtplan, WStLA, P1: 295/2
497;Praterstraﬂe 404;404;361;"311;494";;Praterstraﬂe;Magistrat der Stadt Wien;48.2171984;16.3886066;Leopoldstadt;Leopoldstadt;Behsel Stadtplan, WStLA, P1: 295/2
498;Praterstraﬂe 405;405;360;307;;Praterstraﬂe;Magistrat der Stadt Wien;48.2172655;16.3886687;Leopoldstadt;Leopoldstadt;Behsel Stadtplan, WStLA, P1: 295/2
499;Praterstraﬂe 406;406;357;308;;Praterstraﬂe;Magistrat der Stadt Wien;48.2170799;16.3883667;Leopoldstadt;Leopoldstadt;Behsel Stadtplan, WStLA, P1: 295/2
500;Praterstraﬂe 407;407;358;309;;Praterstraﬂe;Magistrat der Stadt Wien;48.2169569;16.3881335;Leopoldstadt;Leopoldstadt;Behsel Stadtplan, WStLA, P1: 295/2
501;Marokanergasse 409;409;566;;;Marokanergasse;Magistrat der Stadt Wien;48.2174556;16.3886368;Leopoldstadt;Leopoldstadt;Behsel Stadtplan, WStLA, P1: 295/2
502;Marokanergasse 410;410;364;312;;Marokanergasse;Magistrat der Stadt Wien;48.2173225;16.3884053;Leopoldstadt;Leopoldstadt;Behsel Stadtplan, WStLA, P1: 295/2
503;Marokanergasse 411;411;365;313;;Marokanergasse;Magistrat der Stadt Wien;48.2171895;16.3881972;Leopoldstadt;Leopoldstadt;Behsel Stadtplan, WStLA, P1: 295/2
504;Marokanergasse 412;412;366;314;;Marokanergasse;Magistrat der Stadt Wien;48.2170542;16.3879757;Leopoldstadt;Leopoldstadt;Behsel Stadtplan, WStLA, P1: 295/2
505;Marokanergasse 413;413;367;315;;Marokanergasse;Magistrat der Stadt Wien;48.2169603;16.3878113;Leopoldstadt;Leopoldstadt;Behsel Stadtplan, WStLA, P1: 295/2
506;Praterstraﬂe 408;408;359;310;;Praterstraﬂe;Magistrat der Stadt Wien;48.2167881;16.3878381;Leopoldstadt;Leopoldstadt;Behsel Stadtplan, WStLA, P1: 295/2
507;Praterstraﬂe 414;414;368;426;;Praterstraﬂe;Magistrat der Stadt Wien;48.216683;16.3873566;Leopoldstadt;Leopoldstadt;Behsel Stadtplan, WStLA, P1: 295/2
508;Praterstraﬂe 415;415;369;316;;Praterstraﬂe;Magistrat der Stadt Wien;48.2165008;16.3870495;Leopoldstadt;Leopoldstadt;Behsel Stadtplan, WStLA, P1: 295/2
509;Rothe Sterngasse 416;416;513;;;Rothe Sterngasse;Magistrat der Stadt Wien;48.2165287;16.3862458;Leopoldstadt;Leopoldstadt;Behsel Stadtplan, WStLA, P1: 295/2
510;Groﬂe Fuhrmannsgasse zwischen 417 und 418 599;599;0;;;Groﬂe Fuhrmannsgasse zwischen 417 und 418;Magistrat der Stadt Wien;48.2166629;16.3859068;Leopoldstadt;Leopoldstadt;Behsel Stadtplan, WStLA, P1: 295/2
511;Groﬂe Fuhrmannsgasse 498;498;521;;;Groﬂe Fuhrmannsgasse;Magistrat der Stadt Wien;48.2168071;16.3850679;Leopoldstadt;Leopoldstadt;Behsel Stadtplan, WStLA, P1: 295/2
512;Groﬂe Fuhrmannsgasse 497;497;441;340;;Groﬂe Fuhrmannsgasse;Magistrat der Stadt Wien;48.2165679;16.3847826;Leopoldstadt;Leopoldstadt;Behsel Stadtplan, WStLA, P1: 295/2
513;Groﬂe Fuhrmannsgasse 496;496;440;339;;Groﬂe Fuhrmannsgasse;Magistrat der Stadt Wien;48.2163957;16.384593;Leopoldstadt;Leopoldstadt;Behsel Stadtplan, WStLA, P1: 295/2
514;Groﬂe Fuhrmannsgasse 495;495;439;338;;Groﬂe Fuhrmannsgasse;Magistrat der Stadt Wien;48.2163029;16.3845091;Leopoldstadt;Leopoldstadt;Behsel Stadtplan, WStLA, P1: 295/2
515;Groﬂe Fuhrmannsgasse 494;494;438;337;;Groﬂe Fuhrmannsgasse;Magistrat der Stadt Wien;48.2161956;16.3844084;Leopoldstadt;Leopoldstadt;Behsel Stadtplan, WStLA, P1: 295/2
516;Groﬂe Fuhrmannsgasse 493;493;437;336;;Groﬂe Fuhrmannsgasse;Magistrat der Stadt Wien;48.216096;16.3843245;Leopoldstadt;Leopoldstadt;Behsel Stadtplan, WStLA, P1: 295/2
517;Groﬂe Fuhrmannsgasse 492;492;436;335;;Groﬂe Fuhrmannsgasse;Magistrat der Stadt Wien;48.2159731;16.3840728;Leopoldstadt;Leopoldstadt;Behsel Stadtplan, WStLA, P1: 295/2
518;Groﬂe Fuhrmannsgasse 491;491;435;334;;Groﬂe Fuhrmannsgasse;Magistrat der Stadt Wien;48.2157763;16.3837742;Leopoldstadt;Leopoldstadt;Behsel Stadtplan, WStLA, P1: 295/2
519;Groﬂe Fuhrmannsgasse neben 491 598;598;0;;;Groﬂe Fuhrmannsgasse neben 491;Magistrat der Stadt Wien;48.2156198;16.3836919;Leopoldstadt;Leopoldstadt;Behsel Stadtplan, WStLA, P1: 295/2
520;Groﬂe Fuhrmannsgasse 477;477;425;354;;Groﬂe Fuhrmannsgasse;Magistrat der Stadt Wien;48.2155068;16.3834268;Leopoldstadt;Leopoldstadt;Behsel Stadtplan, WStLA, P1: 295/2
521;Groﬂe Fuhrmannsgasse 478;478;426;355;;Groﬂe Fuhrmannsgasse;Magistrat der Stadt Wien;48.2153112;16.3832926;Leopoldstadt;Leopoldstadt;Behsel Stadtplan, WStLA, P1: 295/2
522;Schrottgieﬂergasse 487;487;536;;;Schrottgieﬂergasse;Magistrat der Stadt Wien;48.2154364;16.3837473;Leopoldstadt;Leopoldstadt;Behsel Stadtplan, WStLA, P1: 295/2
523;Schrottgieﬂergasse 488;488;"537;538";;;Schrottgieﬂergasse;Magistrat der Stadt Wien;48.2153626;16.3840661;Leopoldstadt;Leopoldstadt;Behsel Stadtplan, WStLA, P1: 295/2
524;Schrottgieﬂergasse 489;489;539;;;Schrottgieﬂergasse;Magistrat der Stadt Wien;48.2152955;16.3843396;Leopoldstadt;Leopoldstadt;Behsel Stadtplan, WStLA, P1: 295/2
525;Schrottgieﬂergasse 602;602;0;;;Schrottgieﬂergasse;Magistrat der Stadt Wien;48.2154263;16.384197;Leopoldstadt;Leopoldstadt;Behsel Stadtplan, WStLA, P1: 295/2
526;Schrottgieﬂergasse 490;490;434;333;;Schrottgieﬂergasse;Magistrat der Stadt Wien;48.2153671;16.3844369;Leopoldstadt;Leopoldstadt;Behsel Stadtplan, WStLA, P1: 295/2
527;Weintraubengasse 508;508;450;323;Zum Theater gehˆrig;Weintraubengasse;Magistrat der Stadt Wien;48.215613;16.3847323;Leopoldstadt;Leopoldstadt;Behsel Stadtplan, WStLA, P1: 295/2
528;Weintraubengasse 507;507;449;322;;Weintraubengasse;Magistrat der Stadt Wien;48.2158277;16.3848799;Leopoldstadt;Leopoldstadt;Behsel Stadtplan, WStLA, P1: 295/2
529;Weintraubengasse 499;499;442;317;;Weintraubengasse;Magistrat der Stadt Wien;48.2156969;16.3856853;Leopoldstadt;Leopoldstadt;Behsel Stadtplan, WStLA, P1: 295/2
530;Weintraubengasse 500;500;443;412;;Weintraubengasse;Magistrat der Stadt Wien;48.2154968;16.385333;Leopoldstadt;Leopoldstadt;Behsel Stadtplan, WStLA, P1: 295/2
531;Weintraubengasse 501;501;444;318;;Weintraubengasse;Magistrat der Stadt Wien;48.2154151;16.385182;Leopoldstadt;Leopoldstadt;Behsel Stadtplan, WStLA, P1: 295/2
532;Weintraubengasse 502;502;561;;;Weintraubengasse;Magistrat der Stadt Wien;48.2153313;16.3850259;Leopoldstadt;Leopoldstadt;Behsel Stadtplan, WStLA, P1: 295/2
533;Weintraubengasse 506;506;448;413;;Weintraubengasse;Magistrat der Stadt Wien;48.215745;16.3850611;Leopoldstadt;Leopoldstadt;Behsel Stadtplan, WStLA, P1: 295/2
534;Weintraubengasse 505;505;447;427;Pfarrhof zu St. Johann;Weintraubengasse;Magistrat der Stadt Wien;48.2156645;16.3849823;Leopoldstadt;Leopoldstadt;Behsel Stadtplan, WStLA, P1: 295/2
535;Weintraubengasse 504;504;550;;Schulhaus zu St. Johann;Weintraubengasse;Magistrat der Stadt Wien;48.2155638;16.3848833;Leopoldstadt;Leopoldstadt;Behsel Stadtplan, WStLA, P1: 295/2
536;Weintraubengasse 503;503;"445;446";"319;320";;Weintraubengasse;Magistrat der Stadt Wien;48.2150764;16.3846031;Leopoldstadt;Leopoldstadt;Behsel Stadtplan, WStLA, P1: 295/2
537;Weintraubengasse 509;509;451;321;;Weintraubengasse;Magistrat der Stadt Wien;48.2151692;16.3843145;Leopoldstadt;Leopoldstadt;Behsel Stadtplan, WStLA, P1: 295/2
538;Weintraubengasse 510;510;"431;432";"330;331";;Weintraubengasse;Magistrat der Stadt Wien;48.2150193;16.384103;Leopoldstadt;Leopoldstadt;Behsel Stadtplan, WStLA, P1: 295/2
539;Praterstraﬂe 511;511;452;324;;Praterstraﬂe;Magistrat der Stadt Wien;48.2148449;16.3839587;Leopoldstadt;Leopoldstadt;Behsel Stadtplan, WStLA, P1: 295/2
540;Groﬂe Fuhrmannsgasse 486;486;433;332;;Groﬂe Fuhrmannsgasse;Magistrat der Stadt Wien;48.2153581;16.3835225;Leopoldstadt;Leopoldstadt;Behsel Stadtplan, WStLA, P1: 295/2
541;Komˆdiengassel 479;479;427;356;;Komˆdiengassel;Magistrat der Stadt Wien;48.2150652;16.3829721;Leopoldstadt;Leopoldstadt;Behsel Stadtplan, WStLA, P1: 295/2
542;Groﬂe Fuhrmannsgasse 480;480;428;357;;Groﬂe Fuhrmannsgasse;Magistrat der Stadt Wien;48.2148449;16.3830594;Leopoldstadt;Leopoldstadt;Behsel Stadtplan, WStLA, P1: 295/2
543;Groﬂe Fuhrmannsgasse 481;481;544;;;Groﬂe Fuhrmannsgasse;Magistrat der Stadt Wien;48.2147264;16.3829654;Leopoldstadt;Leopoldstadt;Behsel Stadtplan, WStLA, P1: 295/2
544;Groﬂe Fuhrmannsgasse 482;482;429;358;;Groﬂe Fuhrmannsgasse;Magistrat der Stadt Wien;48.2143295;16.3826147;Leopoldstadt;Leopoldstadt;Behsel Stadtplan, WStLA, P1: 295/2
545;Praterstraﬂe 512;512;511;;;Praterstraﬂe;Magistrat der Stadt Wien;48.2146291;16.3837255;Leopoldstadt;Leopoldstadt;Behsel Stadtplan, WStLA, P1: 295/2
546;Praterstraﬂe 513;513;453;325;;Praterstraﬂe;Magistrat der Stadt Wien;48.2145106;16.3835728;Leopoldstadt;Leopoldstadt;Behsel Stadtplan, WStLA, P1: 295/2
547;Praterstraﬂe 514;514;454;326;;Praterstraﬂe;Magistrat der Stadt Wien;48.2143261;16.3833513;Leopoldstadt;Leopoldstadt;Behsel Stadtplan, WStLA, P1: 295/2
548;Groﬂe Fuhrmannsgasse 485;485;430;329;;Groﬂe Fuhrmannsgasse;Magistrat der Stadt Wien;48.2147342;16.3831617;Leopoldstadt;Leopoldstadt;Behsel Stadtplan, WStLA, P1: 295/2
549;Praterstraﬂe 515;515;455;327;;Praterstraﬂe;Magistrat der Stadt Wien;48.2140489;16.3829402;Leopoldstadt;Leopoldstadt;Behsel Stadtplan, WStLA, P1: 295/2
550;Groﬂe Hafnergasse 463;463;564;;;Groﬂe Hafnergasse;Magistrat der Stadt Wien;48.2149087;16.3821835;Leopoldstadt;Leopoldstadt;Behsel Stadtplan, WStLA, P1: 295/2
551;Groﬂe Hafnergasse 464;464;412;234;;Groﬂe Hafnergasse;Magistrat der Stadt Wien;48.2151244;16.3822758;Leopoldstadt;Leopoldstadt;Behsel Stadtplan, WStLA, P1: 295/2
552;Groﬂe Fuhrmannsgasse 483;483;592;;;Groﬂe Fuhrmannsgasse;Magistrat der Stadt Wien;48.2139393;16.3822472;Leopoldstadt;Leopoldstadt;Behsel Stadtplan, WStLA, P1: 295/2
553;Praterstraﬂe 516;516;456;328;;Praterstraﬂe;Magistrat der Stadt Wien;48.2138565;16.3825979;Leopoldstadt;Leopoldstadt;Behsel Stadtplan, WStLA, P1: 295/2
554;Groﬂe Fuhrmannsgasse 484;484;570;;;Groﬂe Fuhrmannsgasse;Magistrat der Stadt Wien;48.2137391;16.3823311;Leopoldstadt;Leopoldstadt;Behsel Stadtplan, WStLA, P1: 295/2
555;Praterstraﬂe 517;517;457;359;;Praterstraﬂe;Magistrat der Stadt Wien;48.2137414;16.3820442;Leopoldstadt;Leopoldstadt;Behsel Stadtplan, WStLA, P1: 295/2
556;Praterstraﬂe 518;518;458;360;;Praterstraﬂe;Magistrat der Stadt Wien;48.2135435;16.3818076;Leopoldstadt;Leopoldstadt;Behsel Stadtplan, WStLA, P1: 295/2
557;Groﬂe Hafnergasse 462;462;555;;;Groﬂe Hafnergasse;Magistrat der Stadt Wien;48.2142736;16.3816818;Leopoldstadt;Leopoldstadt;Behsel Stadtplan, WStLA, P1: 295/2
558;Groﬂe Hafnergasse 461;461;411;233;;Groﬂe Hafnergasse;Magistrat der Stadt Wien;48.2140746;16.3812975;Leopoldstadt;Leopoldstadt;Behsel Stadtplan, WStLA, P1: 295/2
559;Praterstraﬂe 519;519;459;361;;Praterstraﬂe;Magistrat der Stadt Wien;48.2134059;16.3816331;Leopoldstadt;Leopoldstadt;Behsel Stadtplan, WStLA, P1: 295/2
560;Praterstraﬂe 520;520;460;429;;Praterstraﬂe;Magistrat der Stadt Wien;48.2132785;16.3814217;Leopoldstadt;Leopoldstadt;Behsel Stadtplan, WStLA, P1: 295/2
561;Praterstraﬂe 521;521;461;362;;Praterstraﬂe;Magistrat der Stadt Wien;48.2130951;16.3811331;Leopoldstadt;Leopoldstadt;Behsel Stadtplan, WStLA, P1: 295/2
562;Praterstraﬂe 522;522;462;363;;Praterstraﬂe;Magistrat der Stadt Wien;48.2129207;16.3806364;Leopoldstadt;Leopoldstadt;Behsel Stadtplan, WStLA, P1: 295/2
563;Praterstraﬂe 581;581;496;391;;Praterstraﬂe;Magistrat der Stadt Wien;48.2127362;16.379935;Leopoldstadt;Leopoldstadt;Behsel Stadtplan, WStLA, P1: 295/2
564;Praterstraﬂe 580;580;495;390;K. K. Wasserbau-Amt;Praterstraﬂe;Magistrat der Stadt Wien;48.2127742;16.3808713;Leopoldstadt;Leopoldstadt;Behsel Stadtplan, WStLA, P1: 295/2
565;An der Donau 578;578;493;388;Schiffmeister-Compagnie;An der Donau;Magistrat der Stadt Wien;48.2128055;16.3828916;Leopoldstadt;Leopoldstadt;Behsel Stadtplan, WStLA, P1: 295/2
566;Praterstraﬂe 582;582;497;392;;Praterstraﬂe;Magistrat der Stadt Wien;48.2127194;16.379633;Leopoldstadt;Leopoldstadt;Behsel Stadtplan, WStLA, P1: 295/2
567;Praterstraﬂe 583;583;498;393;;Praterstraﬂe;Magistrat der Stadt Wien;48.2127183;16.3794937;Leopoldstadt;Leopoldstadt;Behsel Stadtplan, WStLA, P1: 295/2
568;Donaustraﬂe 591;591;507;394;;Donaustraﬂe;Magistrat der Stadt Wien;48.2125942;16.3782638;Leopoldstadt;Leopoldstadt;Behsel Stadtplan, WStLA, P1: 295/2
569;An der Donau 590;590;506;442;;An der Donau;Magistrat der Stadt Wien;48.212583;16.378596;Leopoldstadt;Leopoldstadt;Behsel Stadtplan, WStLA, P1: 295/2
570;An der Donau 589;589;505;3;;An der Donau;Magistrat der Stadt Wien;48.2125114;16.3787219;Leopoldstadt;Leopoldstadt;Behsel Stadtplan, WStLA, P1: 295/2
571;An der Donau 588;588;504;2;;An der Donau;Magistrat der Stadt Wien;48.2124813;16.3788779;Leopoldstadt;Leopoldstadt;Behsel Stadtplan, WStLA, P1: 295/2
572;An der Donau 587;587;503;1;;An der Donau;Magistrat der Stadt Wien;48.2125696;16.3789148;Leopoldstadt;Leopoldstadt;Behsel Stadtplan, WStLA, P1: 295/2
573;An der Donau 586;586;502;397;;An der Donau;Magistrat der Stadt Wien;48.2124947;16.3792555;Leopoldstadt;Leopoldstadt;Behsel Stadtplan, WStLA, P1: 295/2
574;An der Donau 585;585;501;396;;An der Donau;Magistrat der Stadt Wien;48.2124868;16.3794686;Leopoldstadt;Leopoldstadt;Behsel Stadtplan, WStLA, P1: 295/2
575;An der Donau 584;584;500;395;;An der Donau;Magistrat der Stadt Wien;48.2125182;16.3796565;Leopoldstadt;Leopoldstadt;Behsel Stadtplan, WStLA, P1: 295/2
576;An der Donau 579;579;494;389;K. K. Wachthaus;An der Donau;Magistrat der Stadt Wien;48.2126892;16.3814418;Leopoldstadt;Leopoldstadt;Behsel Stadtplan, WStLA, P1: 295/2
577;An der Donau 575;575;0;;Schiffmeister-Compagnie;An der Donau;Magistrat der Stadt Wien;48.2129375;16.3835023;Leopoldstadt;Leopoldstadt;Behsel Stadtplan, WStLA, P1: 295/2
578;Praterstraﬂe 523;523;463;364;;Praterstraﬂe;Magistrat der Stadt Wien;48.213085;16.381524;Leopoldstadt;Leopoldstadt;Behsel Stadtplan, WStLA, P1: 295/2
579;Praterstraﬂe 524;524;464;365;;Praterstraﬂe;Magistrat der Stadt Wien;48.2132516;16.3819184;Leopoldstadt;Leopoldstadt;Behsel Stadtplan, WStLA, P1: 295/2
580;Praterstraﬂe 525;525;465;366;;Praterstraﬂe;Magistrat der Stadt Wien;48.2133758;16.3821969;Leopoldstadt;Leopoldstadt;Behsel Stadtplan, WStLA, P1: 295/2
581;Praterstraﬂe 526;526;466;443;;Praterstraﬂe;Magistrat der Stadt Wien;48.2134607;16.3824436;Leopoldstadt;Leopoldstadt;Behsel Stadtplan, WStLA, P1: 295/2
582;Praterstraﬂe 527;527;540;;;Praterstraﬂe;Magistrat der Stadt Wien;48.2135345;16.3827171;Leopoldstadt;Leopoldstadt;Behsel Stadtplan, WStLA, P1: 295/2
583;An der Holzgest‰tte 576;576;491;387;;An der Holzgest‰tte;Magistrat der Stadt Wien;48.2132885;16.3829822;Leopoldstadt;Leopoldstadt;Behsel Stadtplan, WStLA, P1: 295/2
584;An der Holzgest‰tte 577;577;492;340;;An der Holzgest‰tte;Magistrat der Stadt Wien;48.2132103;16.382358;Leopoldstadt;Leopoldstadt;Behsel Stadtplan, WStLA, P1: 295/2
585;Praterstraﬂe 528;528;467;402;;Praterstraﬂe;Magistrat der Stadt Wien;48.21352;16.3830946;Leopoldstadt;Leopoldstadt;Behsel Stadtplan, WStLA, P1: 295/2
586;Praterstraﬂe 529;529;468;367;;Praterstraﬂe;Magistrat der Stadt Wien;48.2136687;16.3832943;Leopoldstadt;Leopoldstadt;Behsel Stadtplan, WStLA, P1: 295/2
587;An der Holzgest‰tte 574;574;490;386;;An der Holzgest‰tte;Magistrat der Stadt Wien;48.2133791;16.3835577;Leopoldstadt;Leopoldstadt;Behsel Stadtplan, WStLA, P1: 295/2
588;An der Holzgest‰tte 573;573;489;385;;An der Holzgest‰tte;Magistrat der Stadt Wien;48.2135166;16.3838614;Leopoldstadt;Leopoldstadt;Behsel Stadtplan, WStLA, P1: 295/2
589;Praterstraﬂe 530;530;459;368;;Praterstraﬂe;Magistrat der Stadt Wien;48.2138286;16.3834285;Leopoldstadt;Leopoldstadt;Behsel Stadtplan, WStLA, P1: 295/2
590;An der Holzgest‰tte 572;572;488;384;;An der Holzgest‰tte;Magistrat der Stadt Wien;48.2135043;16.3841349;Leopoldstadt;Leopoldstadt;Behsel Stadtplan, WStLA, P1: 295/2
591;An der Holzgest‰tte 571;571;487;383;;An der Holzgest‰tte;Magistrat der Stadt Wien;48.2134965;16.3843799;Leopoldstadt;Leopoldstadt;Behsel Stadtplan, WStLA, P1: 295/2
592;An der Holzgest‰tte 570;570;486;382;;An der Holzgest‰tte;Magistrat der Stadt Wien;48.2135166;16.3845896;Leopoldstadt;Leopoldstadt;Behsel Stadtplan, WStLA, P1: 295/2
593;An der Holzgest‰tte 569;569;485;381;;An der Holzgest‰tte;Magistrat der Stadt Wien;48.2135345;16.3853078;Leopoldstadt;Leopoldstadt;Behsel Stadtplan, WStLA, P1: 295/2
594;Praterstraﬂe 531;531;470;369;;Praterstraﬂe;Magistrat der Stadt Wien;48.2139795;16.383551;Leopoldstadt;Leopoldstadt;Behsel Stadtplan, WStLA, P1: 295/2
595;Praterstraﬂe 532;532;471;491;;Praterstraﬂe;Magistrat der Stadt Wien;48.2140824;16.3837591;Leopoldstadt;Leopoldstadt;Behsel Stadtplan, WStLA, P1: 295/2
596;Praterstraﬂe 533;533;516;;;Praterstraﬂe;Magistrat der Stadt Wien;48.2141841;16.3839554;Leopoldstadt;Leopoldstadt;Behsel Stadtplan, WStLA, P1: 295/2
597;Praterstraﬂe 534;534;545;;;Praterstraﬂe;Magistrat der Stadt Wien;48.2142848;16.3841534;Leopoldstadt;Leopoldstadt;Behsel Stadtplan, WStLA, P1: 295/2
598;W‰llische Gasse 536;536;473;371;;W‰llische Gasse;Magistrat der Stadt Wien;48.21406;16.3849235;Leopoldstadt;Leopoldstadt;Behsel Stadtplan, WStLA, P1: 295/2
599;An der Holzgest‰tte 568;568;484;380;;An der Holzgest‰tte;Magistrat der Stadt Wien;48.213615;16.3857222;Leopoldstadt;Leopoldstadt;Behsel Stadtplan, WStLA, P1: 295/2
600;Praterstraﬂe 535;535;472;370;;Praterstraﬂe;Magistrat der Stadt Wien;48.2144145;16.3844168;Leopoldstadt;Leopoldstadt;Behsel Stadtplan, WStLA, P1: 295/2
601;Praterstraﬂe 537;537;474;372;;Praterstraﬂe;Magistrat der Stadt Wien;48.214486;16.3848548;Leopoldstadt;Leopoldstadt;Behsel Stadtplan, WStLA, P1: 295/2
602;Czerningasse 538;538;475;373;;Czerningasse;Magistrat der Stadt Wien;48.2143586;16.3856937;Leopoldstadt;Leopoldstadt;Behsel Stadtplan, WStLA, P1: 295/2
603;Czerningasse 539;539;541;;;Czerningasse;Magistrat der Stadt Wien;48.2142904;16.3861988;Leopoldstadt;Leopoldstadt;Behsel Stadtplan, WStLA, P1: 295/2
604;Czerningasse 561;561;552;;;Czerningasse;Magistrat der Stadt Wien;48.2139739;16.3875059;Leopoldstadt;Leopoldstadt;Behsel Stadtplan, WStLA, P1: 295/2
605;Czerningasse 562;562;547;;;Czerningasse;Magistrat der Stadt Wien;48.214202;16.3873733;Leopoldstadt;Leopoldstadt;Behsel Stadtplan, WStLA, P1: 295/2
606;Czerningasse 563;563;477;375;;Czerningasse;Magistrat der Stadt Wien;48.2139616;16.387365;Leopoldstadt;Leopoldstadt;Behsel Stadtplan, WStLA, P1: 295/2
607;An der Holzgest‰tte 564;564;481;376;;An der Holzgest‰tte;Magistrat der Stadt Wien;48.2138644;16.3868666;Leopoldstadt;Leopoldstadt;Behsel Stadtplan, WStLA, P1: 295/2
608;An der Holzgest‰tte 565;565;482;377;;An der Holzgest‰tte;Magistrat der Stadt Wien;48.2138018;16.3864689;Leopoldstadt;Leopoldstadt;Behsel Stadtplan, WStLA, P1: 295/2
609;An der Holzgest‰tte 566;566;483;378;;An der Holzgest‰tte;Magistrat der Stadt Wien;48.2137302;16.3861182;Leopoldstadt;Leopoldstadt;Behsel Stadtplan, WStLA, P1: 295/2
610;An der Holzgest‰tte 560;560;478;372;;An der Holzgest‰tte;Magistrat der Stadt Wien;48.2136598;16.3874891;Leopoldstadt;Leopoldstadt;Behsel Stadtplan, WStLA, P1: 295/2
611;An der Holzgest‰tte 567;567;480;379;;An der Holzgest‰tte;Magistrat der Stadt Wien;48.2132449;16.3861317;Leopoldstadt;Leopoldstadt;Behsel Stadtplan, WStLA, P1: 295/2
612;An der Holzgest‰tte 559;559;479;452;Kˆrnermagazin des Stadt Wiener Magistrats;An der Holzgest‰tte;Magistrat der Stadt Wien;48.21405;16.3886486;Leopoldstadt;Leopoldstadt;Behsel Stadtplan, WStLA, P1: 295/2
613;Czerningasse 541;541;571;;;Czerningasse;Magistrat der Stadt Wien;48.2147208;16.3882861;Leopoldstadt;Leopoldstadt;Behsel Stadtplan, WStLA, P1: 295/2
614;Lichtenauergasse 542;542;589;;;Lichtenauergasse;Magistrat der Stadt Wien;48.21476;16.3888919;Leopoldstadt;Leopoldstadt;Behsel Stadtplan, WStLA, P1: 295/2
615;Lichtenauergasse 543;543;574;;;Lichtenauergasse;Magistrat der Stadt Wien;48.2147219;16.3892761;Leopoldstadt;Leopoldstadt;Behsel Stadtplan, WStLA, P1: 295/2
616;Lichtenauergasse 556;556;578;;;Lichtenauergasse;Magistrat der Stadt Wien;48.2147991;16.3899624;Leopoldstadt;Leopoldstadt;Behsel Stadtplan, WStLA, P1: 295/2
617;Lichtenauergasse 557;557;584;;;Lichtenauergasse;Magistrat der Stadt Wien;48.2149735;16.3899137;Leopoldstadt;Leopoldstadt;Behsel Stadtplan, WStLA, P1: 295/2
618;Lichtenauergasse 546;546;0;;;Lichtenauergasse;Magistrat der Stadt Wien;48.215054;16.3896839;Leopoldstadt;Leopoldstadt;Behsel Stadtplan, WStLA, P1: 295/2
619;Lichtenauergasse 545;545;0;;;Lichtenauergasse;Magistrat der Stadt Wien;48.2152049;16.3896503;Leopoldstadt;Leopoldstadt;Behsel Stadtplan, WStLA, P1: 295/2
620;Lichtenauergasse 544;544;0;;;Lichtenauergasse;Magistrat der Stadt Wien;48.2153805;16.3896;Leopoldstadt;Leopoldstadt;Behsel Stadtplan, WStLA, P1: 295/2
621;Lichtenauergasse 547;547;580;;;Lichtenauergasse;Magistrat der Stadt Wien;48.2156019;16.3897594;Leopoldstadt;Leopoldstadt;Behsel Stadtplan, WStLA, P1: 295/2
622;Lichtenauergasse 548;548;581;;;Lichtenauergasse;Magistrat der Stadt Wien;48.2154196;16.3900564;Leopoldstadt;Leopoldstadt;Behsel Stadtplan, WStLA, P1: 295/2
623;Lichtenauergasse 549;549;576;;;Lichtenauergasse;Magistrat der Stadt Wien;48.2155627;16.3908383;Leopoldstadt;Leopoldstadt;Behsel Stadtplan, WStLA, P1: 295/2
624;Lichtenauergasse 558;558;586;;;Lichtenauergasse;Magistrat der Stadt Wien;48.2151915;16.3898617;Leopoldstadt;Leopoldstadt;Behsel Stadtplan, WStLA, P1: 295/2
625;An der Franzensbr¸cken-Allee 551;551;577;;;An der Franzensbr¸cken-Allee;Magistrat der Stadt Wien;48.2152821;16.3908886;Leopoldstadt;Leopoldstadt;Behsel Stadtplan, WStLA, P1: 295/2
626;An der Franzensbr¸cken-Allee 552;552;583;;;An der Franzensbr¸cken-Allee;Magistrat der Stadt Wien;48.2150898;16.3909356;Leopoldstadt;Leopoldstadt;Behsel Stadtplan, WStLA, P1: 295/2
627;An der Franzensbr¸cken-Allee 553;553;583;;;An der Franzensbr¸cken-Allee;Magistrat der Stadt Wien;48.2148628;16.3909809;Leopoldstadt;Leopoldstadt;Behsel Stadtplan, WStLA, P1: 295/2
628;An der Franzensbr¸cken-Allee 554;554;587;;;An der Franzensbr¸cken-Allee;Magistrat der Stadt Wien;48.2147208;16.3910162;Leopoldstadt;Leopoldstadt;Behsel Stadtplan, WStLA, P1: 295/2
