id;Adresse;Hausnummer;alte_1795_1821;ältere_1770_1795;Hausinhaber;Gassen und Plätze;Grundobrigkeit;Vorstadt;Latitude;Longitude;reference;Viertel
0;Am Getreidemarkt 1;1;1;23;Stadt Wien Magistrat;Am Getreidemarkt;Magistrat der Stadt Wien;Spittelberg, Mariahilf;48.2016731;16.3606146;Behsel Stadtplan, WStLA, P1: 295/11G;Laimgrube
1;Am Getreidemarkt 2;2;2;24;Stadt Wien Magistrat;Am Getreidemarkt;Magistrat der Stadt Wien;Spittelberg, Mariahilf;48.2014799;16.3610838;Behsel Stadtplan, WStLA, P1: 295/11G;Laimgrube
2;Am Getreidemarkt 3;3;3;25;Kaserne, dem Stadtmagistrate gehörig;Am Getreidemarkt;Magistrat der Stadt Wien;Spittelberg, Mariahilf;48.201207;16.3617173;Behsel Stadtplan, WStLA, P1: 295/11G;Laimgrube
3;Kothgasse 4;4;4;32;K. K. Kaserne, genannt Jesuiterhof;Kothgasse;Magistrat der Stadt Wien;Spittelberg, Mariahilf;48.2010975;16.3622821;Behsel Stadtplan, WStLA, P1: 295/11G;Laimgrube
4;Kothgasse 5;5;5;37;;Kothgasse;Magistrat der Stadt Wien;Spittelberg, Mariahilf;48.2009222;16.362049;Behsel Stadtplan, WStLA, P1: 295/11G;Laimgrube
5;Kothgasse 6;6;6;37;;Kothgasse;Magistrat der Stadt Wien;Spittelberg, Mariahilf;48.2006573;16.3617651;Behsel Stadtplan, WStLA, P1: 295/11G;Laimgrube
6;Kothgasse 7;7;7;33;;Kothgasse;Niederösterreichische Landstände;Spittelberg, Mariahilf;48.200218;16.3614977;Behsel Stadtplan, WStLA, P1: 295/11G;Laimgrube
7;Kothgasse 8;8;8;36;;Kothgasse;Magistrat der Stadt Wien;Spittelberg, Mariahilf;48.199982;16.3612601;Behsel Stadtplan, WStLA, P1: 295/11G;Laimgrube
8;Kothgasse 9;9;9;36;;Kothgasse;Magistrat der Stadt Wien;Spittelberg, Mariahilf;48.1997878;16.3612511;Behsel Stadtplan, WStLA, P1: 295/11G;Laimgrube
9;3 Hufeisengasse 10;10;10;34;Theater-Malerei zum Theater an der Wien;3 Hufeisengasse;Magistrat der Stadt Wien;Spittelberg, Mariahilf;48.199746;16.3619609;Behsel Stadtplan, WStLA, P1: 295/11G;Laimgrube
10;3 Hufeisengasse 11;11;11;28;;3 Hufeisengasse;Domkapitel;Spittelberg, Mariahilf;48.1995836;16.3614678;Behsel Stadtplan, WStLA, P1: 295/11G;Laimgrube
11;3 Hufeisengasse 12;12;12;29;;3 Hufeisengasse;Domkapitel;Spittelberg, Mariahilf;48.1995338;16.362188;Behsel Stadtplan, WStLA, P1: 295/11G;Laimgrube
12;3 Hufeisengasse 13;13;13;43;;3 Hufeisengasse;Magistrat der Stadt Wien;Spittelberg, Mariahilf;48.1995199;16.3625645;Behsel Stadtplan, WStLA, P1: 295/11G;Laimgrube
13;3 Hufeisengasse 14;14;14;30;;3 Hufeisengasse;Magistrat der Stadt Wien;Spittelberg, Mariahilf;48.1996533;16.3628425;Behsel Stadtplan, WStLA, P1: 295/11G;Laimgrube
14;3 Hufeisengasse 15;15;15;165;;3 Hufeisengasse;Magistrat der Stadt Wien;Spittelberg, Mariahilf;48.2003704;16.3639333;Behsel Stadtplan, WStLA, P1: 295/11G;Laimgrube
15;Am Glacis 16;16;16;164;;Am Glacis;Magistrat der Stadt Wien;Spittelberg, Mariahilf;48.2007061;16.3645459;Behsel Stadtplan, WStLA, P1: 295/11G;Laimgrube
16;Am Glacis 17;17;17;91;K. K. Wagenholz-Magazin;Am Glacis;Kaiserlich-Königlich;Spittelberg, Mariahilf;48.2010447;16.3641649;Behsel Stadtplan, WStLA, P1: 295/11G;Laimgrube
17;Am Glacis 18;18;18;163;;Am Glacis;Magistrat der Stadt Wien;Spittelberg, Mariahilf;48.2005706;16.3647058;Behsel Stadtplan, WStLA, P1: 295/11G;Laimgrube
18;Am Glacis 19;19;19;"161;162";;Am Glacis;Magistrat der Stadt Wien;Spittelberg, Mariahilf;48.2004491;16.3648701;Behsel Stadtplan, WStLA, P1: 295/11G;Laimgrube
19;Jägergasse 20;20;20;167;;Jägergasse;Magistrat der Stadt Wien;Spittelberg, Mariahilf;48.2001324;16.3644159;Behsel Stadtplan, WStLA, P1: 295/11G;Laimgrube
20;Jägergasse 21;21;21;166;;Jägergasse;Magistrat der Stadt Wien;Spittelberg, Mariahilf;48.199991;16.3641679;Behsel Stadtplan, WStLA, P1: 295/11G;Laimgrube
21;Jägergasse 22;22;22;26;;Jägergasse;Magistrat der Stadt Wien;Spittelberg, Mariahilf;48.1999232;16.3643023;Behsel Stadtplan, WStLA, P1: 295/11G;Laimgrube
22;Am Glacis 23;23;23;"159;160";;Am Glacis;Magistrat der Stadt Wien;Spittelberg, Mariahilf;48.1996504;16.3646699;Behsel Stadtplan, WStLA, P1: 295/11G;Laimgrube
23;An der Wien 24;24;24;38;;An der Wien;Magistrat der Stadt Wien;Spittelberg, Mariahilf;48.1998356;16.3650076;Behsel Stadtplan, WStLA, P1: 295/11G;Laimgrube
24;Theatergasse 25;25;25;171;;Theatergasse;Magistrat der Stadt Wien;Spittelberg, Mariahilf;48.2001981;16.3652019;Behsel Stadtplan, WStLA, P1: 295/11G;Laimgrube
25;An der Wien 26;26;26;39;;An der Wien;Magistrat der Stadt Wien;Spittelberg, Mariahilf;48.1993934;16.3643083;Behsel Stadtplan, WStLA, P1: 295/11G;Laimgrube
26;An der Wien 27;27;27;31;;An der Wien;Magistrat der Stadt Wien;Spittelberg, Mariahilf;48.1992022;16.3639736;Behsel Stadtplan, WStLA, P1: 295/11G;Laimgrube
27;An der Wien 28;28;28;40;;An der Wien;Magistrat der Stadt Wien;Spittelberg, Mariahilf;48.1990428;16.3637375;Behsel Stadtplan, WStLA, P1: 295/11G;Laimgrube
28;An der Wien 29;29;29;41;;An der Wien;Magistrat der Stadt Wien;Spittelberg, Mariahilf;48.1989542;16.3635597;Behsel Stadtplan, WStLA, P1: 295/11G;Laimgrube
29;An der Wien 30;30;30;42;;An der Wien;Magistrat der Stadt Wien;Spittelberg, Mariahilf;48.1988576;16.3633012;Behsel Stadtplan, WStLA, P1: 295/11G;Laimgrube
30;An der Wien 31;31;31;44;;An der Wien;"Magistrat der Stadt Wien;Domkapitel";Spittelberg, Mariahilf;48.1987261;16.362977;Behsel Stadtplan, WStLA, P1: 295/11G;Laimgrube
31;An der Wien 32;32;32;45;;An der Wien;Domkapitel;Spittelberg, Mariahilf;48.19851;16.3624809;Behsel Stadtplan, WStLA, P1: 295/11G;Laimgrube
32;An der Wien 33;33;33;46;;An der Wien;Domkapitel;Spittelberg, Mariahilf;48.1983217;16.362055;Behsel Stadtplan, WStLA, P1: 295/11G;Laimgrube
33;An der Wien 34;34;178;0;;An der Wien;Domkapitel;Spittelberg, Mariahilf;48.1981813;16.3617681;Behsel Stadtplan, WStLA, P1: 295/11G;Laimgrube
34;An der Wien 35;35;34;47;;An der Wien;Domkapitel;Spittelberg, Mariahilf;48.1980717;16.3614992;Behsel Stadtplan, WStLA, P1: 295/11G;Laimgrube
35;An der Wien 36;36;35;48;;An der Wien;Domkapitel;Spittelberg, Mariahilf;48.1979482;16.3613482;Behsel Stadtplan, WStLA, P1: 295/11G;Laimgrube
36;An der Wien 37;37;36;49;;An der Wien;Domkapitel;Spittelberg, Mariahilf;48.1978486;16.3611405;Behsel Stadtplan, WStLA, P1: 295/11G;Laimgrube
37;An der Wien 38;38;37;90;;An der Wien;Magistrat der Stadt Wien;Spittelberg, Mariahilf;48.1980936;16.3620602;Behsel Stadtplan, WStLA, P1: 295/11G;Laimgrube
38;An der Wien 39;39;;0;;An der Wien;Magistrat der Stadt Wien;Spittelberg, Mariahilf;48.1979213;16.361727;Behsel Stadtplan, WStLA, P1: 295/11G;Laimgrube
39;An der Wien 40;40;38;89;;An der Wien;Magistrat der Stadt Wien;Spittelberg, Mariahilf;48.1978128;16.3614924;Behsel Stadtplan, WStLA, P1: 295/11G;Laimgrube
40;An der Wien 41;41;39;88;;An der Wien;Magistrat der Stadt Wien;Spittelberg, Mariahilf;48.197751;16.3613311;Behsel Stadtplan, WStLA, P1: 295/11G;Laimgrube
41;An der Wien 42;42;40;87;;An der Wien;Magistrat der Stadt Wien;Spittelberg, Mariahilf;48.1976713;16.3611518;Behsel Stadtplan, WStLA, P1: 295/11G;Laimgrube
42;An der Wien 43;43;41;168;;An der Wien;Magistrat der Stadt Wien;Spittelberg, Mariahilf;48.1975986;16.360965;Behsel Stadtplan, WStLA, P1: 295/11G;Laimgrube
43;An der Wien 44;44;42;86;;An der Wien;Magistrat der Stadt Wien;Spittelberg, Mariahilf;48.1975229;16.3607513;Behsel Stadtplan, WStLA, P1: 295/11G;Laimgrube
44;An der Wien 45;45;43;85;;An der Wien;Magistrat der Stadt Wien;Spittelberg, Mariahilf;48.1974652;16.3605526;Behsel Stadtplan, WStLA, P1: 295/11G;Laimgrube
45;An der Wien 46;46;44;84;;An der Wien;Magistrat der Stadt Wien;Spittelberg, Mariahilf;48.1974094;16.3603374;Behsel Stadtplan, WStLA, P1: 295/11G;Laimgrube
46;An der Wien 47;47;181;0;;An der Wien;Magistrat der Stadt Wien;Spittelberg, Mariahilf;48.1973576;16.3599579;Behsel Stadtplan, WStLA, P1: 295/11G;Laimgrube
47;An der Wien 48;48;182;0;;An der Wien;Magistrat der Stadt Wien;Spittelberg, Mariahilf;48.1973327;16.3595514;Behsel Stadtplan, WStLA, P1: 295/11G;Laimgrube
48;An der Wien 190;190;;0;Schulhaus;An der Wien;Magistrat der Stadt Wien;Spittelberg, Mariahilf;48.1982739;16.3624099;Behsel Stadtplan, WStLA, P1: 295/11G;Laimgrube
49;Pfarrgasse 49;49;45;157;;Pfarrgasse;Domkapitel;Spittelberg, Mariahilf;48.1977978;16.3608604;Behsel Stadtplan, WStLA, P1: 295/11G;Laimgrube
50;Pfarrgasse 50;50;46;156;;Pfarrgasse;Domkapitel;Spittelberg, Mariahilf;48.1980508;16.3606004;Behsel Stadtplan, WStLA, P1: 295/11G;Laimgrube
51;Pfarrgasse 51;51;47;155;;Pfarrgasse;Domkapitel;Spittelberg, Mariahilf;48.1982042;16.3604584;Behsel Stadtplan, WStLA, P1: 295/11G;Laimgrube
52;Pfarrgasse 52;52;48;154;;Pfarrgasse;Domkapitel;Spittelberg, Mariahilf;48.1983516;16.360321;Behsel Stadtplan, WStLA, P1: 295/11G;Laimgrube
53;Pfarrgasse 53;53;49;153;;Pfarrgasse;Domkapitel;Spittelberg, Mariahilf;48.1984831;16.3602029;Behsel Stadtplan, WStLA, P1: 295/11G;Laimgrube
54;Pfarrgasse 54;54;50;152;;Pfarrgasse;Domkapitel;Spittelberg, Mariahilf;48.1986454;16.3600505;Behsel Stadtplan, WStLA, P1: 295/11G;Laimgrube
55;Pfarrgasse 55;55;51;158;;Pfarrgasse;Domkapitel;Spittelberg, Mariahilf;48.1989143;16.359789;Behsel Stadtplan, WStLA, P1: 295/11G;Laimgrube
56;Pfarrgasse 56;56;184;0;;Pfarrgasse;Domkapitel;Spittelberg, Mariahilf;48.1990607;16.3596456;Behsel Stadtplan, WStLA, P1: 295/11G;Laimgrube
57;Pfarrgasse 57;57;185;0;;Pfarrgasse;Magistrat der Stadt Wien;Spittelberg, Mariahilf;48.1991992;16.3595245;Behsel Stadtplan, WStLA, P1: 295/11G;Laimgrube
58;Pfarrgasse 58;58;52;150;;Pfarrgasse;Domkapitel;Spittelberg, Mariahilf;48.1989661;16.359544;Behsel Stadtplan, WStLA, P1: 295/11G;Laimgrube
59;Pfarrgasse 59;59;53;149;;Pfarrgasse;Domkapitel;Spittelberg, Mariahilf;48.1988187;16.3596725;Behsel Stadtplan, WStLA, P1: 295/11G;Laimgrube
60;Pfarrgasse 60;60;54;148;;Pfarrgasse;Domkapitel;Spittelberg, Mariahilf;48.1986584;16.3598488;Behsel Stadtplan, WStLA, P1: 295/11G;Laimgrube
61;Pfarrgasse 61;61;55;147;;Pfarrgasse;Domkapitel;Spittelberg, Mariahilf;48.198506;16.3599848;Behsel Stadtplan, WStLA, P1: 295/11G;Laimgrube
62;Pfarrgasse 62;62;56;146;;Pfarrgasse;Domkapitel;Spittelberg, Mariahilf;48.1983865;16.3600909;Behsel Stadtplan, WStLA, P1: 295/11G;Laimgrube
63;Pfarrgasse 63;63;57;145;;Pfarrgasse;Domkapitel;Spittelberg, Mariahilf;48.1982789;16.360182;Behsel Stadtplan, WStLA, P1: 295/11G;Laimgrube
64;Pfarrgasse 64;64;58;144;;Pfarrgasse;Domkapitel;Spittelberg, Mariahilf;48.1981614;16.3602926;Behsel Stadtplan, WStLA, P1: 295/11G;Laimgrube
65;Pfarrgasse 65;65;59;143;;Pfarrgasse;Domkapitel;Spittelberg, Mariahilf;48.1980528;16.3603897;Behsel Stadtplan, WStLA, P1: 295/11G;Laimgrube
66;Pfarrgasse 66;66;60;142;;Pfarrgasse;Domkapitel;Spittelberg, Mariahilf;48.1979114;16.3605526;Behsel Stadtplan, WStLA, P1: 295/11G;Laimgrube
67;Pfarrgasse 67;67;61;141;;Pfarrgasse;Domkapitel;Spittelberg, Mariahilf;48.1976893;16.3607154;Behsel Stadtplan, WStLA, P1: 295/11G;Laimgrube
68;An der Wien 68;68;62;51;;An der Wien;Domkapitel;Spittelberg, Mariahilf;48.1976166;16.3604256;Behsel Stadtplan, WStLA, P1: 295/11G;Laimgrube
69;An der Wien 69;69;63;52;K. K. Wagenbehältnis;An der Wien;Magistrat der Stadt Wien;Spittelberg, Mariahilf;48.1975897;16.3599683;Behsel Stadtplan, WStLA, P1: 295/11G;Laimgrube
70;An der Wien 70;70;64;53;K. K. Heuwage;An der Wien;Magistrat der Stadt Wien;Spittelberg, Mariahilf;48.1975638;16.3592242;Behsel Stadtplan, WStLA, P1: 295/11G;Laimgrube
71;An der Wien 71;71;65;54;;An der Wien;Magistrat der Stadt Wien;Spittelberg, Mariahilf;48.1974911;16.3589104;Behsel Stadtplan, WStLA, P1: 295/11G;Laimgrube
72;Gärtnergasse 77;77;71;238;;Gärtnergasse;Magistrat der Stadt Wien;Spittelberg, Mariahilf;48.1974502;16.3585802;Behsel Stadtplan, WStLA, P1: 295/11G;Laimgrube
73;Gärtnergasse 78;78;72;55;;Gärtnergasse;Magistrat der Stadt Wien;Spittelberg, Mariahilf;48.1976166;16.3584069;Behsel Stadtplan, WStLA, P1: 295/11G;Laimgrube
74;Gärtnergasse 79;79;73;56;;Gärtnergasse;Magistrat der Stadt Wien;Spittelberg, Mariahilf;48.1977968;16.3582171;Behsel Stadtplan, WStLA, P1: 295/11G;Laimgrube
75;Gärtnergasse 80;80;74;57;;Gärtnergasse;Magistrat der Stadt Wien;Spittelberg, Mariahilf;48.1979771;16.3580378;Behsel Stadtplan, WStLA, P1: 295/11G;Laimgrube
76;Gärtnergasse 81;81;75;58;;Gärtnergasse;Magistrat der Stadt Wien;Spittelberg, Mariahilf;48.1981255;16.3578854;Behsel Stadtplan, WStLA, P1: 295/11G;Laimgrube
77;Gärtnergasse 82;82;76;59;;Gärtnergasse;Magistrat der Stadt Wien;Spittelberg, Mariahilf;48.1983944;16.3576239;Behsel Stadtplan, WStLA, P1: 295/11G;Laimgrube
78;Gärtnergasse 83;83;173;0;;Gärtnergasse;Magistrat der Stadt Wien;Spittelberg, Mariahilf;48.1982072;16.3575551;Behsel Stadtplan, WStLA, P1: 295/11G;Laimgrube
79;Gärtnergasse 84;84;77;109;;Gärtnergasse;Magistrat der Stadt Wien;Spittelberg, Mariahilf;48.1980548;16.3577165;Behsel Stadtplan, WStLA, P1: 295/11G;Laimgrube
80;Gärtnergasse 85;85;78;110;;Gärtnergasse;Magistrat der Stadt Wien;Spittelberg, Mariahilf;48.1979064;16.3578704;Behsel Stadtplan, WStLA, P1: 295/11G;Laimgrube
81;Gärtnergasse 86;86;79;111;;Gärtnergasse;Magistrat der Stadt Wien;Spittelberg, Mariahilf;48.197763;16.3580139;Behsel Stadtplan, WStLA, P1: 295/11G;Laimgrube
82;Gärtnergasse 87;87;176;0;;Gärtnergasse;Magistrat der Stadt Wien;Spittelberg, Mariahilf;48.1976245;16.3581603;Behsel Stadtplan, WStLA, P1: 295/11G;Laimgrube
83;An der Wien 88;88;80;112;;An der Wien;Magistrat der Stadt Wien;Spittelberg, Mariahilf;48.1973516;16.3583157;Behsel Stadtplan, WStLA, P1: 295/11G;Laimgrube
84;An der Wien 89;89;81;113;;An der Wien;Magistrat der Stadt Wien;Spittelberg, Mariahilf;48.1972988;16.358108;Behsel Stadtplan, WStLA, P1: 295/11G;Laimgrube
85;An der Wien 90;90;82;114;;An der Wien;Magistrat der Stadt Wien;Spittelberg, Mariahilf;48.197263;16.3579571;Behsel Stadtplan, WStLA, P1: 295/11G;Laimgrube
86;An der Wien 91;91;83;115;;An der Wien;Magistrat der Stadt Wien;Spittelberg, Mariahilf;48.1972092;16.3577419;Behsel Stadtplan, WStLA, P1: 295/11G;Laimgrube
87;Kanalgasse 92;92;84;116;;Kanalgasse;Magistrat der Stadt Wien;Spittelberg, Mariahilf;48.1974672;16.357337;Behsel Stadtplan, WStLA, P1: 295/11G;Laimgrube
88;Kanalgasse 93;93;85;117;;Kanalgasse;Magistrat der Stadt Wien;Spittelberg, Mariahilf;48.1976056;16.3571726;Behsel Stadtplan, WStLA, P1: 295/11G;Laimgrube
89;Kanalgasse 94;94;86;118;;Kanalgasse;Magistrat der Stadt Wien;Spittelberg, Mariahilf;48.1977401;16.3570232;Behsel Stadtplan, WStLA, P1: 295/11G;Laimgrube
90;Kanalgasse 95;95;87;136;;Kanalgasse;Magistrat der Stadt Wien;Spittelberg, Mariahilf;48.1978915;16.3568693;Behsel Stadtplan, WStLA, P1: 295/11G;Laimgrube
91;Kanalgasse 96;96;88;136;;Kanalgasse;Magistrat der Stadt Wien;Spittelberg, Mariahilf;48.1981245;16.3566213;Behsel Stadtplan, WStLA, P1: 295/11G;Laimgrube
92;Kanalgasse 97;97;89;101;;Kanalgasse;Magistrat der Stadt Wien;Spittelberg, Mariahilf;48.1980797;16.3563986;Behsel Stadtplan, WStLA, P1: 295/11G;Laimgrube
93;Kanalgasse 98;98;90;119;;Kanalgasse;Magistrat der Stadt Wien;Spittelberg, Mariahilf;48.1977032;16.356814;Behsel Stadtplan, WStLA, P1: 295/11G;Laimgrube
94;Kanalgasse 99;99;187;0;;Kanalgasse;Magistrat der Stadt Wien;Spittelberg, Mariahilf;48.1974642;16.35708;Behsel Stadtplan, WStLA, P1: 295/11G;Laimgrube
95;An der Wien 72;72;66;83;;An der Wien;Magistrat der Stadt Wien;Spittelberg, Mariahilf;48.1972899;16.3590449;Behsel Stadtplan, WStLA, P1: 295/11G;Laimgrube
96;An der Wien 73;73;67;82;;An der Wien;Magistrat der Stadt Wien;Spittelberg, Mariahilf;48.197258;16.3588133;Behsel Stadtplan, WStLA, P1: 295/11G;Laimgrube
97;An der Wien 74;74;68;81;;An der Wien;Magistrat der Stadt Wien;Spittelberg, Mariahilf;48.1972182;16.358501;Behsel Stadtplan, WStLA, P1: 295/11G;Laimgrube
98;An der Wien 75;75;69;80;;An der Wien;Magistrat der Stadt Wien;Spittelberg, Mariahilf;48.1971843;16.358232;Behsel Stadtplan, WStLA, P1: 295/11G;Laimgrube
99;An der Wien 76;76;70;79;;An der Wien;Magistrat der Stadt Wien;Spittelberg, Mariahilf;48.1971156;16.3579885;Behsel Stadtplan, WStLA, P1: 295/11G;Laimgrube
100;An der Wien 100;100;91;70;;An der Wien;Magistrat der Stadt Wien;Spittelberg, Mariahilf;48.197018;16.3573818;Behsel Stadtplan, WStLA, P1: 295/11G;Laimgrube
101;An der Wien 101;101;92;71;;An der Wien;Magistrat der Stadt Wien;Spittelberg, Mariahilf;48.1969204;16.3570053;Behsel Stadtplan, WStLA, P1: 295/11G;Laimgrube
102;An der Wien 102;102;93;72;;An der Wien;Magistrat der Stadt Wien;Spittelberg, Mariahilf;48.1968457;16.3567094;Behsel Stadtplan, WStLA, P1: 295/11G;Laimgrube
103;An der Wien 103;103;179;0;;An der Wien;Magistrat der Stadt Wien;Spittelberg, Mariahilf;48.1967859;16.3564853;Behsel Stadtplan, WStLA, P1: 295/11G;Laimgrube
104;An der Wien 104;104;94;73;;An der Wien;Magistrat der Stadt Wien;Spittelberg, Mariahilf;48.196753;16.3562567;Behsel Stadtplan, WStLA, P1: 295/11G;Laimgrube
105;An der Wien 105;105;95;74;;An der Wien;Magistrat der Stadt Wien;Spittelberg, Mariahilf;48.1967042;16.3560221;Behsel Stadtplan, WStLA, P1: 295/11G;Laimgrube
106;An der Wien 106;106;96;75;;An der Wien;Magistrat der Stadt Wien;Spittelberg, Mariahilf;48.1966325;16.3558861;Behsel Stadtplan, WStLA, P1: 295/11G;Laimgrube
107;An der Wien 107;107;97;76;;An der Wien;Magistrat der Stadt Wien;Spittelberg, Mariahilf;48.1965986;16.3556784;Behsel Stadtplan, WStLA, P1: 295/11G;Laimgrube
108;An der Wien 108;108;98;77;;An der Wien;Magistrat der Stadt Wien;Spittelberg, Mariahilf;48.1965329;16.3555006;Behsel Stadtplan, WStLA, P1: 295/11G;Laimgrube
109;An der Wien 109;109;99;78;;An der Wien;Magistrat der Stadt Wien;Spittelberg, Mariahilf;48.1964791;16.3553243;Behsel Stadtplan, WStLA, P1: 295/11G;Laimgrube
110;Untere Gestättengasse 110;110;100;131;;Untere Gestättengasse;Magistrat der Stadt Wien;Spittelberg, Mariahilf;48.1970269;16.3543411;Behsel Stadtplan, WStLA, P1: 295/11G;Laimgrube
111;Untere Gestättengasse 111;111;101;130;;Untere Gestättengasse;Magistrat der Stadt Wien;Spittelberg, Mariahilf;48.1969064;16.3545667;Behsel Stadtplan, WStLA, P1: 295/11G;Laimgrube
112;Untere Gestättengasse 112;112;102;129;;Untere Gestättengasse;Magistrat der Stadt Wien;Spittelberg, Mariahilf;48.1968546;16.3546638;Behsel Stadtplan, WStLA, P1: 295/11G;Laimgrube
113;Untere Gestättengasse 113;113;103;128;;Untere Gestättengasse;Magistrat der Stadt Wien;Spittelberg, Mariahilf;48.1967949;16.3547849;Behsel Stadtplan, WStLA, P1: 295/11G;Laimgrube
114;Untere Gestättengasse 114;114;104;127;;Untere Gestättengasse;Magistrat der Stadt Wien;Spittelberg, Mariahilf;48.1967391;16.3549208;Behsel Stadtplan, WStLA, P1: 295/11G;Laimgrube
115;Untere Gestättengasse 115;115;183;0;;Untere Gestättengasse;Magistrat der Stadt Wien;Spittelberg, Mariahilf;48.1970369;16.3558218;Behsel Stadtplan, WStLA, P1: 295/11G;Laimgrube
116;Untere Gestättengasse 116;116;105;170;;Untere Gestättengasse;Magistrat der Stadt Wien;Spittelberg, Mariahilf;48.1971136;16.3560116;Behsel Stadtplan, WStLA, P1: 295/11G;Laimgrube
117;Untere Gestättengasse 117;117;106;169;;Untere Gestättengasse;Magistrat der Stadt Wien;Spittelberg, Mariahilf;48.1971973;16.3562029;Behsel Stadtplan, WStLA, P1: 295/11G;Laimgrube
118;Untere Gestättengasse 118;118;107;120;;Untere Gestättengasse;Magistrat der Stadt Wien;Spittelberg, Mariahilf;48.197518;16.3565914;Behsel Stadtplan, WStLA, P1: 295/11G;Laimgrube
119;Untere Gestättengasse 119;119;108;121;;Untere Gestättengasse;Magistrat der Stadt Wien;Spittelberg, Mariahilf;48.1974233;16.3563777;Behsel Stadtplan, WStLA, P1: 295/11G;Laimgrube
120;Untere Gestättengasse 120;120;109;122;;Untere Gestättengasse;Magistrat der Stadt Wien;Spittelberg, Mariahilf;48.1973327;16.3561431;Behsel Stadtplan, WStLA, P1: 295/11G;Laimgrube
121;Untere Gestättengasse 121;121;110;123;;Untere Gestättengasse;Magistrat der Stadt Wien;Spittelberg, Mariahilf;48.197256;16.3559683;Behsel Stadtplan, WStLA, P1: 295/11G;Laimgrube
122;Untere Gestättengasse 122;122;111;124;;Untere Gestättengasse;Magistrat der Stadt Wien;Spittelberg, Mariahilf;48.1971763;16.3557785;Behsel Stadtplan, WStLA, P1: 295/11G;Laimgrube
123;Untere Gestättengasse 123;123;174;0;;Untere Gestättengasse;Magistrat der Stadt Wien;Spittelberg, Mariahilf;48.1970767;16.3555529;Behsel Stadtplan, WStLA, P1: 295/11G;Laimgrube
124;Untere Gestättengasse 124;124;112;125;;Untere Gestättengasse;Magistrat der Stadt Wien;Spittelberg, Mariahilf;48.196998;16.3553691;Behsel Stadtplan, WStLA, P1: 295/11G;Laimgrube
125;Untere Gestättengasse 125;125;113;126;;Untere Gestättengasse;Magistrat der Stadt Wien;Spittelberg, Mariahilf;48.1969343;16.3551943;Behsel Stadtplan, WStLA, P1: 295/11G;Laimgrube
126;Obere Gestättengasse 126;126;114;134;;Obere Gestättengasse;Magistrat der Stadt Wien;Spittelberg, Mariahilf;48.1973486;16.354758;Behsel Stadtplan, WStLA, P1: 295/11G;Laimgrube
127;Obere Gestättengasse 127;127;115;135;;Obere Gestättengasse;Magistrat der Stadt Wien;Spittelberg, Mariahilf;48.1973955;16.3549343;Behsel Stadtplan, WStLA, P1: 295/11G;Laimgrube
128;Obere Gestättengasse 128;128;116;137;;Obere Gestättengasse;Magistrat der Stadt Wien;Spittelberg, Mariahilf;48.1974482;16.3550897;Behsel Stadtplan, WStLA, P1: 295/11G;Laimgrube
129;Obere Gestättengasse 129;129;117;103;;Obere Gestättengasse;Magistrat der Stadt Wien;Spittelberg, Mariahilf;48.197505;16.355275;Behsel Stadtplan, WStLA, P1: 295/11G;Laimgrube
130;Obere Gestättengasse 130;130;118;104;;Obere Gestättengasse;Magistrat der Stadt Wien;Spittelberg, Mariahilf;48.1975688;16.3554677;Behsel Stadtplan, WStLA, P1: 295/11G;Laimgrube
131;Obere Gestättengasse 131;131;119;105;;Obere Gestättengasse;Magistrat der Stadt Wien;Spittelberg, Mariahilf;48.1976305;16.3556635;Behsel Stadtplan, WStLA, P1: 295/11G;Laimgrube
132;Obere Gestättengasse 132;132;175;0;;Obere Gestättengasse;Magistrat der Stadt Wien;Spittelberg, Mariahilf;48.1977351;16.3559907;Behsel Stadtplan, WStLA, P1: 295/11G;Laimgrube
133;Obere Gestättengasse 133;133;120;106;;Obere Gestättengasse;Magistrat der Stadt Wien;Spittelberg, Mariahilf;48.1978954;16.3564898;Behsel Stadtplan, WStLA, P1: 295/11G;Laimgrube
134;Obere Gestättengasse 136;136;186;0;;Obere Gestättengasse;Magistrat der Stadt Wien;Spittelberg, Mariahilf;48.1973596;16.3543769;Behsel Stadtplan, WStLA, P1: 295/11G;Laimgrube
135;Obere Gestättengasse 135;135;122;132;;Obere Gestättengasse;Magistrat der Stadt Wien;Spittelberg, Mariahilf;48.1974572;16.3546817;Behsel Stadtplan, WStLA, P1: 295/11G;Laimgrube
136;Obere Gestättengasse 134;134;121;102;;Obere Gestättengasse;Magistrat der Stadt Wien;Spittelberg, Mariahilf;48.1975269;16.3548865;Behsel Stadtplan, WStLA, P1: 295/11G;Laimgrube
137;Kothgasse 137;137;123;133;;Kothgasse;Magistrat der Stadt Wien;Spittelberg, Mariahilf;48.1977988;16.3550224;Behsel Stadtplan, WStLA, P1: 295/11G;Laimgrube
138;Kothgasse 138;138;124;98;;Kothgasse;Magistrat der Stadt Wien;Spittelberg, Mariahilf;48.1978576;16.3552421;Behsel Stadtplan, WStLA, P1: 295/11G;Laimgrube
139;Kothgasse 139;139;125;99;;Kothgasse;Magistrat der Stadt Wien;Spittelberg, Mariahilf;48.1979462;16.3555648;Behsel Stadtplan, WStLA, P1: 295/11G;Laimgrube
140;Kothgasse 140;140;126;100;;Kothgasse;Magistrat der Stadt Wien;Spittelberg, Mariahilf;48.1980349;16.3559025;Behsel Stadtplan, WStLA, P1: 295/11G;Laimgrube
141;Kothgasse 141;141;127;107;;Kothgasse;Magistrat der Stadt Wien;Spittelberg, Mariahilf;48.1983058;16.3568304;Behsel Stadtplan, WStLA, P1: 295/11G;Laimgrube
142;Kothgasse 142;142;128;108;;Kothgasse;Magistrat der Stadt Wien;Spittelberg, Mariahilf;48.1984114;16.3571248;Behsel Stadtplan, WStLA, P1: 295/11G;Laimgrube
143;Kothgasse 143;143;129;94;;Kothgasse;Magistrat der Stadt Wien;Spittelberg, Mariahilf;48.1985319;16.3570665;Behsel Stadtplan, WStLA, P1: 295/11G;Laimgrube
144;Kothgasse 144;144;177;0;;Kothgasse;Magistrat der Stadt Wien;Spittelberg, Mariahilf;48.1984412;16.3567961;Behsel Stadtplan, WStLA, P1: 295/11G;Laimgrube
145;Kothgasse 145;145;130;95;;Kothgasse;Magistrat der Stadt Wien;Spittelberg, Mariahilf;48.1983426;16.3564942;Behsel Stadtplan, WStLA, P1: 295/11G;Laimgrube
146;Kothgasse 146;146;131;96;;Kothgasse;Magistrat der Stadt Wien;Spittelberg, Mariahilf;48.198258;16.3562193;Behsel Stadtplan, WStLA, P1: 295/11G;Laimgrube
147;Kothgasse 147;147;132;97;;Kothgasse;Magistrat der Stadt Wien;Spittelberg, Mariahilf;48.1981425;16.3558144;Behsel Stadtplan, WStLA, P1: 295/11G;Laimgrube
148;Windmühlgasse 148;148;133;140;;Windmühlgasse;Magistrat der Stadt Wien;Spittelberg, Mariahilf;48.1984482;16.355922;Behsel Stadtplan, WStLA, P1: 295/11G;Laimgrube
149;Windmühlgasse 149;149;134;50;;Windmühlgasse;Magistrat der Stadt Wien;Spittelberg, Mariahilf;48.1985956;16.3560833;Behsel Stadtplan, WStLA, P1: 295/11G;Laimgrube
150;Windmühlgasse 150;150;135;93;;Windmühlgasse;Magistrat der Stadt Wien;Spittelberg, Mariahilf;48.1989094;16.3564405;Behsel Stadtplan, WStLA, P1: 295/11G;Laimgrube
151;Windmühlgasse 151;151;135;93;;Windmühlgasse;Magistrat der Stadt Wien;Spittelberg, Mariahilf;48.1988606;16.3566242;Behsel Stadtplan, WStLA, P1: 295/11G;Laimgrube
152;Windmühlgasse 152;152;136;92;;Windmühlgasse;Magistrat der Stadt Wien;Spittelberg, Mariahilf;48.1990707;16.3566257;Behsel Stadtplan, WStLA, P1: 295/11G;Laimgrube
153;Windmühlgasse 153;153;137;139;;Windmühlgasse;Magistrat der Stadt Wien;Spittelberg, Mariahilf;48.1988606;16.3568992;Behsel Stadtplan, WStLA, P1: 295/11G;Laimgrube
154;Windmühlgasse 154;154;138;69;;Windmühlgasse;Magistrat der Stadt Wien;Spittelberg, Mariahilf;48.1987689;16.3570322;Behsel Stadtplan, WStLA, P1: 295/11G;Laimgrube
155;Kothgasse 155;155;139;68;;Kothgasse;Magistrat der Stadt Wien;Spittelberg, Mariahilf;48.1986424;16.3573729;Behsel Stadtplan, WStLA, P1: 295/11G;Laimgrube
156;Kothgasse 156;156;140;60;;Kothgasse;Magistrat der Stadt Wien;Spittelberg, Mariahilf;48.1987301;16.3580453;Behsel Stadtplan, WStLA, P1: 295/11G;Laimgrube
157;Kothgasse 157;157;141;61;;Kothgasse;Magistrat der Stadt Wien;Spittelberg, Mariahilf;48.1988147;16.3582634;Behsel Stadtplan, WStLA, P1: 295/11G;Laimgrube
158;Kothgasse 158;158;142;62;;Kothgasse;Magistrat der Stadt Wien;Spittelberg, Mariahilf;48.1988934;16.358504;Behsel Stadtplan, WStLA, P1: 295/11G;Laimgrube
159;Kothgasse 159;159;143;63;;Kothgasse;Magistrat der Stadt Wien;Spittelberg, Mariahilf;48.1989691;16.3587087;Behsel Stadtplan, WStLA, P1: 295/11G;Laimgrube
160;Kothgasse 160;160;144;64;;Kothgasse;Magistrat der Stadt Wien;Spittelberg, Mariahilf;48.1990329;16.3588641;Behsel Stadtplan, WStLA, P1: 295/11G;Laimgrube
161;Kothgasse 161;161;145;65;;Kothgasse;Magistrat der Stadt Wien;Spittelberg, Mariahilf;48.1990926;16.3590419;Behsel Stadtplan, WStLA, P1: 295/11G;Laimgrube
162;Kothgasse 162;162;146;151;;Kothgasse;Magistrat der Stadt Wien;Spittelberg, Mariahilf;48.1991673;16.3592436;Behsel Stadtplan, WStLA, P1: 295/11G;Laimgrube
163;Kothgasse 163;163;147;66;;Kothgasse;Magistrat der Stadt Wien;Spittelberg, Mariahilf;48.1993227;16.3596994;Behsel Stadtplan, WStLA, P1: 295/11G;Laimgrube
164;Kothgasse 164;164;148;67;;Kothgasse;Magistrat der Stadt Wien;Spittelberg, Mariahilf;48.1993844;16.360052;Behsel Stadtplan, WStLA, P1: 295/11G;Laimgrube
165;Kothgasse 165;165;149;35;;Kothgasse;Magistrat der Stadt Wien;Spittelberg, Mariahilf;48.1995518;16.3603404;Behsel Stadtplan, WStLA, P1: 295/11G;Laimgrube
166;Kothgasse 166;166;150;27;;Kothgasse;Magistrat der Stadt Wien;Spittelberg, Mariahilf;48.1996653;16.3606676;Behsel Stadtplan, WStLA, P1: 295/11G;Laimgrube
167;Laimgruben-Hauptstraße 174;174;157;1;Zum K. K. Hofstallgebäude gehörig;Laimgruben-Hauptstraße;Stift Schotten;Spittelberg, Mariahilf;48.2017578;16.360312;Behsel Stadtplan, WStLA, P1: 295/11G;Laimgrube
168;Laimgruben-Hauptstraße 175;175;158;2;;Laimgruben-Hauptstraße;Stift Schotten;Spittelberg, Mariahilf;48.2016701;16.3601805;Behsel Stadtplan, WStLA, P1: 295/11G;Laimgrube
169;Laimgruben-Hauptstraße 176;176;159;3;Zum K. K. Hofstallgebäude gehörig;Laimgruben-Hauptstraße;Stift Schotten;Spittelberg, Mariahilf;48.2015934;16.3600774;Behsel Stadtplan, WStLA, P1: 295/11G;Laimgrube
170;Laimgruben-Hauptstraße 177;177;160;4;;Laimgruben-Hauptstraße;Stift Schotten;Spittelberg, Mariahilf;48.2015177;16.3599355;Behsel Stadtplan, WStLA, P1: 295/11G;Laimgrube
171;Laimgruben-Hauptstraße 178;178;161;5;;Laimgruben-Hauptstraße;Stift Schotten;Spittelberg, Mariahilf;48.2014739;16.3598413;Behsel Stadtplan, WStLA, P1: 295/11G;Laimgrube
172;Laimgruben-Hauptstraße 179;179;162;6;;Laimgruben-Hauptstraße;Stift Schotten;Spittelberg, Mariahilf;48.2014162;16.3597024;Behsel Stadtplan, WStLA, P1: 295/11G;Laimgrube
173;Laimgruben-Hauptstraße 180;180;163;7;;Laimgruben-Hauptstraße;Stift Schotten;Spittelberg, Mariahilf;48.2013454;16.3595634;Behsel Stadtplan, WStLA, P1: 295/11G;Laimgrube
174;Laimgruben-Hauptstraße 181;181;164;8;;Laimgruben-Hauptstraße;Stift Schotten;Spittelberg, Mariahilf;48.2012837;16.3594095;Behsel Stadtplan, WStLA, P1: 295/11G;Laimgrube
175;Laimgruben-Hauptstraße 182;182;165;9;;Laimgruben-Hauptstraße;Stift Schotten;Spittelberg, Mariahilf;48.2012299;16.359269;Behsel Stadtplan, WStLA, P1: 295/11G;Laimgrube
176;Laimgruben-Hauptstraße 183;183;166;10;;Laimgruben-Hauptstraße;Stift Schotten;Spittelberg, Mariahilf;48.2011851;16.359151;Behsel Stadtplan, WStLA, P1: 295/11G;Laimgrube
177;Laimgruben-Hauptstraße 184;184;167;11;;Laimgruben-Hauptstraße;"Stift Schotten;Militär-Ingenieur-Akademie-Grundbuch";Spittelberg, Mariahilf;48.2011164;16.3589209;Behsel Stadtplan, WStLA, P1: 295/11G;Laimgrube
178;Laimgruben-Hauptstraße 185;185;168;12;K. K. Kaserne für die Hofburgwache;Laimgruben-Hauptstraße;Militär-Ingenieur-Akademie-Grundbuch;Spittelberg, Mariahilf;48.2010148;16.3581827;Behsel Stadtplan, WStLA, P1: 295/11G;Laimgrube
179;Laimgruben-Hauptstraße 186;186;169;13;K. K. Ingenieur-Akademie;Laimgruben-Hauptstraße;Militär-Ingenieur-Akademie-Grundbuch;Spittelberg, Mariahilf;48.2007529;16.3570307;Behsel Stadtplan, WStLA, P1: 295/11G;Laimgrube
399;Laimgruben-Hauptstraße 168;168;151;17;;Laimgruben-Hauptstraße;Domkapitel;Spittelberg, Mariahilf;48.2010443;16.3593778;Behsel Stadtplan, WStLA, P1: 295/11G;Laimgrube
400;Laimgruben-Hauptstraße 169;169;152;18;;Laimgruben-Hauptstraße;Domkapitel;Spittelberg, Mariahilf;48.201117;16.3595156;Behsel Stadtplan, WStLA, P1: 295/11G;Laimgrube
401;Laimgruben-Hauptstraße 170;170;153;19;;Laimgruben-Hauptstraße;Domkapitel;Spittelberg, Mariahilf;48.2011811;16.3596507;Behsel Stadtplan, WStLA, P1: 295/11G;Laimgrube
402;Laimgruben-Hauptstraße 171;171;154;20;;Laimgruben-Hauptstraße;Domkapitel;Spittelberg, Mariahilf;48.2012366;16.3597547;Behsel Stadtplan, WStLA, P1: 295/11G;Laimgrube
403;Laimgruben-Hauptstraße 172;172;155;21;;Laimgruben-Hauptstraße;Domkapitel;Spittelberg, Mariahilf;48.2012972;16.359869;Behsel Stadtplan, WStLA, P1: 295/11G;Laimgrube
404;Laimgruben-Hauptstraße 173;173;156;22;;Laimgruben-Hauptstraße;Domkapitel;Spittelberg, Mariahilf;48.201357;16.3599977;Behsel Stadtplan, WStLA, P1: 295/11G;Laimgrube
180;Rückwärts am Spittelberg 187;187;170;14;;Rückwärts am Spittelberg;Militär-Ingenieur-Akademie-Grundbuch;Spittelberg, Mariahilf;48.2027049;16.3568036;Behsel Stadtplan, WStLA, P1: 295/11G;Laimgrube
181;Rückwärts am Spittelberg 188;188;171;15;;Rückwärts am Spittelberg;"Stift Schotten; Militär-Ingenieur-Akademie-Grundbuch";Spittelberg, Mariahilf;48.2028045;16.3570098;Behsel Stadtplan, WStLA, P1: 295/11G;Laimgrube
182;Rückwärts am Spittelberg 189;189;172;16;;Rückwärts am Spittelberg;Magistrat der Stadt Wien;Spittelberg, Mariahilf;48.2028861;16.357207;Behsel Stadtplan, WStLA, P1: 295/11G;Laimgrube
