id;Adresse;Hausnummer;alte_1795_1821;ältere_1770_1795;Hausinhaber;Gassen und Plätze;Grundobrigkeit;lat;lon;reference;Viertel;Vorstadt
0;Blumengasse 1;1;;;;Blumengasse;Magistrat der Stadt Wien;48.202621;16.392089;Behsel Stadtplan, WStLA, P1: 295/6G;Erdberg;Erdberg
1;Blumengasse 2;2;;;;Blumengasse;Magistrat der Stadt Wien;48.20254;16.392571;Behsel Stadtplan, WStLA, P1: 295/6;Erdberg;Erdberg
2;Blumengasse 3;3;;;;Blumengasse;Magistrat der Stadt Wien;48.202293;16.392253;Behsel Stadtplan, WStLA, P1: 295/6;Erdberg;Erdberg
3;Blumengasse 4;4;;;;Blumengasse;Magistrat der Stadt Wien;48.202105;16.392327;Behsel Stadtplan, WStLA, P1: 295/6;Erdberg;Erdberg
4;Blumengasse 5;5;;;;Blumengasse;Magistrat der Stadt Wien;48.202232;16.392503;Behsel Stadtplan, WStLA, P1: 295/6;Erdberg;Erdberg
5;Blumengasse 6;6;;;;Blumengasse;Magistrat der Stadt Wien;48.202371;16.392697;Behsel Stadtplan, WStLA, P1: 295/6;Erdberg;Erdberg
6;Hauptstraße 7;7;;;;Hauptstraße;Magistrat der Stadt Wien;48.202532;16.393039;Behsel Stadtplan, WStLA, P1: 295/6;Erdberg;Erdberg
7;Hauptstraße 8;8;;;;Hauptstraße;Magistrat der Stadt Wien;48.202482;16.393391;Behsel Stadtplan, WStLA, P1: 295/6;Erdberg;Erdberg
8;Hauptstraße 9;9;;;;Hauptstraße;Magistrat der Stadt Wien;48.20244;16.393728;Behsel Stadtplan, WStLA, P1: 295/6;Erdberg;Erdberg
9;Hauptstraße 10;10;;;;Hauptstraße;Magistrat der Stadt Wien;48.20242;16.393975;Behsel Stadtplan, WStLA, P1: 295/6;Erdberg;Erdberg
10;Hauptstraße 11;11;;;;Hauptstraße;Magistrat der Stadt Wien;48.202417;16.39416;Behsel Stadtplan, WStLA, P1: 295/6;Erdberg;Erdberg
11;Hauptstraße 12;12;;;;Hauptstraße;Magistrat der Stadt Wien;48.202399;16.394366;Behsel Stadtplan, WStLA, P1: 295/6;Erdberg;Erdberg
12;Hauptstraße 13;13;;;;Hauptstraße;Magistrat der Stadt Wien;48.202379;16.39453;Behsel Stadtplan, WStLA, P1: 295/6;Erdberg;Erdberg
13;Hauptstraße 14;14;;;;Hauptstraße;Magistrat der Stadt Wien;48.202381;16.394691;Behsel Stadtplan, WStLA, P1: 295/6;Erdberg;Erdberg
14;Hauptstraße 15;15;;;;Hauptstraße;Magistrat der Stadt Wien;48.202367;16.394845;Behsel Stadtplan, WStLA, P1: 295/6;Erdberg;Erdberg
15;Hauptstraße 16;16;;;;Hauptstraße;Magistrat der Stadt Wien;48.202333;16.395;Behsel Stadtplan, WStLA, P1: 295/6;Erdberg;Erdberg
16;Hauptstraße 17;17;;;;Hauptstraße;Magistrat der Stadt Wien;48.202313;16.395126;Behsel Stadtplan, WStLA, P1: 295/6;Erdberg;Erdberg
17;Hauptstraße 18;18;;;;Hauptstraße;Magistrat der Stadt Wien;48.202256;16.395263;Behsel Stadtplan, WStLA, P1: 295/6;Erdberg;Erdberg
18;Hauptstraße 19;19;;;;Hauptstraße;Magistrat der Stadt Wien;48.202192;16.395397;Behsel Stadtplan, WStLA, P1: 295/6;Erdberg;Erdberg
19;Hauptstraße 20;20;;;;Hauptstraße;Magistrat der Stadt Wien;48.202125;16.3955;Behsel Stadtplan, WStLA, P1: 295/6;Erdberg;Erdberg
20;Hauptstraße 21;21;;;;Hauptstraße;Magistrat der Stadt Wien;48.202051;16.395631;Behsel Stadtplan, WStLA, P1: 295/6;Erdberg;Erdberg
21;Hauptstraße 22;22;;;;Hauptstraße;Magistrat der Stadt Wien;48.201956;16.395747;Behsel Stadtplan, WStLA, P1: 295/6;Erdberg;Erdberg
22;Hauptstraße 23;23;;;;Hauptstraße;Magistrat der Stadt Wien;48.201859;16.395886;Behsel Stadtplan, WStLA, P1: 295/6;Erdberg;Erdberg
23;Hauptstraße 24;24;;;;Hauptstraße;Magistrat der Stadt Wien;48.201815;16.395953;Behsel Stadtplan, WStLA, P1: 295/6;Erdberg;Erdberg
24;Hauptstraße 25;25;;;;Hauptstraße;Magistrat der Stadt Wien;48.201768;16.39602;Behsel Stadtplan, WStLA, P1: 295/6;Erdberg;Erdberg
25;Hauptstraße 26;26;;;;Hauptstraße;Magistrat der Stadt Wien;48.201693;16.396164;Behsel Stadtplan, WStLA, P1: 295/6;Erdberg;Erdberg
26;Hauptstraße 27;27;;;;Hauptstraße;Magistrat der Stadt Wien;48.201621;16.396298;Behsel Stadtplan, WStLA, P1: 295/6;Erdberg;Erdberg
27;Hauptstraße 28;28;;;;Hauptstraße;Magistrat der Stadt Wien;48.201584;16.396376;Behsel Stadtplan, WStLA, P1: 295/6;Erdberg;Erdberg
28;Hauptstraße 29;29;;;;Hauptstraße;Magistrat der Stadt Wien;48.201519;16.396453;Behsel Stadtplan, WStLA, P1: 295/6;Erdberg;Erdberg
29;Hauptstraße 30;30;;;;Hauptstraße;Magistrat der Stadt Wien;48.201479;16.396526;Behsel Stadtplan, WStLA, P1: 295/6;Erdberg;Erdberg
30;Hauptstraße 31;31;;;;Hauptstraße;Magistrat der Stadt Wien;48.201418;16.396677;Behsel Stadtplan, WStLA, P1: 295/6;Erdberg;Erdberg
31;Hauptstraße 32;32;;;;Hauptstraße;Magistrat der Stadt Wien;48.201309;16.396845;Behsel Stadtplan, WStLA, P1: 295/6;Erdberg;Erdberg
32;Hauptstraße 33;33;;;;Hauptstraße;Magistrat der Stadt Wien;48.20123;16.396962;Behsel Stadtplan, WStLA, P1: 295/6;Erdberg;Erdberg
33;Hauptstraße 34;34;;;;Hauptstraße;Magistrat der Stadt Wien;48.201117;16.397067;Behsel Stadtplan, WStLA, P1: 295/6;Erdberg;Erdberg
34;Hauptstraße 35;35;;;;Hauptstraße;Magistrat der Stadt Wien;48.201048;16.397216;Behsel Stadtplan, WStLA, P1: 295/6;Erdberg;Erdberg
35;Hauptstraße 36;36;;;;Hauptstraße;Magistrat der Stadt Wien;48.200998;16.397307;Behsel Stadtplan, WStLA, P1: 295/6;Erdberg;Erdberg
36;Hauptstraße 37;37;;;;Hauptstraße;"Magistrat der Stadt Wien;Herrschaft Jägerzeile";48.200878;16.397467;Behsel Stadtplan, WStLA, P1: 295/6;Erdberg;Erdberg
37;Hauptstraße 38;38;;;;Hauptstraße;Magistrat der Stadt Wien;48.200698;16.397714;Behsel Stadtplan, WStLA, P1: 295/6;Erdberg;Erdberg
38;Kirchengasse 39;39;;;Pfarrhof;Kirchengasse;"Magistrat der Stadt Wien;Stift Schotten";48.200579;16.397863;Behsel Stadtplan, WStLA, P1: 295/6;Erdberg;Erdberg
39;Kirchengasse 40;40;;;;Kirchengasse;"Magistrat der Stadt Wien;Stift Schotten";48.200285;16.397653;Behsel Stadtplan, WStLA, P1: 295/6;Erdberg;Erdberg
40;Hauptstraße 79;79;;;;Hauptstraße;Magistrat der Stadt Wien;48.200401;16.39811;Behsel Stadtplan, WStLA, P1: 295/6;Erdberg;Erdberg
41;Hauptstraße 80;80;;;;Hauptstraße;Magistrat der Stadt Wien;48.200264;16.398327;Behsel Stadtplan, WStLA, P1: 295/6;Erdberg;Erdberg
42;Kirchengasse 41;41;;;;Kirchengasse;"Magistrat der Stadt Wien;Stift Schotten";48.200102;16.397565;Behsel Stadtplan, WStLA, P1: 295/6;Erdberg;Erdberg
43;Kirchengasse 42;42;;;;Kirchengasse;Magistrat der Stadt Wien;48.199938;16.397501;Behsel Stadtplan, WStLA, P1: 295/6;Erdberg;Erdberg
44;Kirchengasse 43;43;;;;Kirchengasse;"Magistrat der Stadt Wien;Stift Schotten";48.199799;16.397428;Behsel Stadtplan, WStLA, P1: 295/6;Erdberg;Erdberg
45;Kirchengasse 44;44;;;;Kirchengasse;"Magistrat der Stadt Wien;Stift Schotten";48.199721;16.39739;Behsel Stadtplan, WStLA, P1: 295/6;Erdberg;Erdberg
46;Kirchengasse 78;78;;;Schulhaus;Kirchengasse;Magistrat der Stadt Wien;48.200213;16.397793;Behsel Stadtplan, WStLA, P1: 295/6;Erdberg;Erdberg
47;Kirchengasse 77;77;;;;Kirchengasse;Magistrat der Stadt Wien;48.200079;16.397714;Behsel Stadtplan, WStLA, P1: 295/6;Erdberg;Erdberg
48;Kirchengasse 76;76;;;;Kirchengasse;Magistrat der Stadt Wien;48.199962;16.397639;Behsel Stadtplan, WStLA, P1: 295/6;Erdberg;Erdberg
49;Kirchengasse 75;75;;;;Kirchengasse;Magistrat der Stadt Wien;48.199876;16.397592;Behsel Stadtplan, WStLA, P1: 295/6;Erdberg;Erdberg
50;Kirchengasse 74;74;;;;Kirchengasse;Magistrat der Stadt Wien;48.199621;16.397475;Behsel Stadtplan, WStLA, P1: 295/6;Erdberg;Erdberg
51;Kirchengasse 45;45;;;;Kirchengasse;"Magistrat der Stadt Wien;Stift Schotten";48.199601;16.397301;Behsel Stadtplan, WStLA, P1: 295/6;Erdberg;Erdberg
52;Kirchengasse 73;73;;;;Kirchengasse;Magistrat der Stadt Wien;48.199525;16.397424;Behsel Stadtplan, WStLA, P1: 295/6;Erdberg;Erdberg
53;Kirchengasse 46;46;;;;Kirchengasse;"Magistrat der Stadt Wien;Herrschaft Jägerzeile";48.199445;16.39721;Behsel Stadtplan, WStLA, P1: 295/6;Erdberg;Erdberg
54;Kirchengasse 72;72;;;;Kirchengasse;Domkustodie;48.199359;16.39736;Behsel Stadtplan, WStLA, P1: 295/6;Erdberg;Erdberg
55;Kirchengasse 47;47;;;;Kirchengasse;"Magistrat der Stadt Wien;Stift Schotten";48.199295;16.397139;Behsel Stadtplan, WStLA, P1: 295/6;Erdberg;Erdberg
56;Kirchengasse 48;48;;;;Kirchengasse;"Magistrat der Stadt Wien;Stift Schotten";48.199174;16.39708;Behsel Stadtplan, WStLA, P1: 295/6;Erdberg;Erdberg
57;Kirchengasse 49;49;;;;Kirchengasse;"Magistrat der Stadt Wien;Stift Schotten";48.199067;16.397036;Behsel Stadtplan, WStLA, P1: 295/6;Erdberg;Erdberg
58;Kirchengasse 71;71;;;;Kirchengasse;Domkustodie;48.199095;16.397242;Behsel Stadtplan, WStLA, P1: 295/6;Erdberg;Erdberg
59;Kirchengasse 70;70;;;;Kirchengasse;Domkustodie;48.198813;16.397133;Behsel Stadtplan, WStLA, P1: 295/6;Erdberg;Erdberg
60;Kirchengasse 69;69;;;;Kirchengasse;Domkustodie;48.198629;16.397046;Behsel Stadtplan, WStLA, P1: 295/6;Erdberg;Erdberg
61;Kirchengasse 68;68;;;;Kirchengasse;Domkustodie;48.198492;16.396987;Behsel Stadtplan, WStLA, P1: 295/6;Erdberg;Erdberg
62;Kirchengasse 67;67;;;;Kirchengasse;Magistrat der Stadt Wien;48.198365;16.396963;Behsel Stadtplan, WStLA, P1: 295/6;Erdberg;Erdberg
63;Kirchengasse 50;50;;;;Kirchengasse;"Magistrat der Stadt Wien;Stift Schotten";48.198974;16.397001;Behsel Stadtplan, WStLA, P1: 295/6;Erdberg;Erdberg
64;Kirchengasse 51;51;;;;Kirchengasse;"Magistrat der Stadt Wien;Stift Schotten";48.198863;16.396957;Behsel Stadtplan, WStLA, P1: 295/6;Erdberg;Erdberg
65;Kirchengasse 52;52;;;;Kirchengasse;Magistrat der Stadt Wien;48.198737;16.396746;Behsel Stadtplan, WStLA, P1: 295/6;Erdberg;Erdberg
66;Kirchengasse 53;53;;;;Kirchengasse;"Magistrat der Stadt Wien;Stift Schotten";48.198555;16.396841;Behsel Stadtplan, WStLA, P1: 295/6;Erdberg;Erdberg
67;Kirchengasse 54;54;;;;Kirchengasse;"Magistrat der Stadt Wien;Stift Schotten";48.198347;16.396783;Behsel Stadtplan, WStLA, P1: 295/6;Erdberg;Erdberg
68;Kirchengasse 66;66;;;;Kirchengasse;Magistrat der Stadt Wien;48.198245;16.396916;Behsel Stadtplan, WStLA, P1: 295/6;Erdberg;Erdberg
69;Kirchengasse 65;65;;;;Kirchengasse;Magistrat der Stadt Wien;48.19809;16.396844;Behsel Stadtplan, WStLA, P1: 295/6;Erdberg;Erdberg
70;Kirchengasse 64;64;;;;Kirchengasse;Magistrat der Stadt Wien;48.197886;16.396734;Behsel Stadtplan, WStLA, P1: 295/6;Erdberg;Erdberg
71;Kirchengasse 55;55;;;;Kirchengasse;Magistrat der Stadt Wien;48.198199;16.39674;Behsel Stadtplan, WStLA, P1: 295/6;Erdberg;Erdberg
72;Kirchengasse 56;56;;;;Kirchengasse;Magistrat der Stadt Wien;48.198013;16.396657;Behsel Stadtplan, WStLA, P1: 295/6;Erdberg;Erdberg
73;Kirchengasse 57;57;;;;Kirchengasse;Magistrat der Stadt Wien;48.197833;16.39655;Behsel Stadtplan, WStLA, P1: 295/6;Erdberg;Erdberg
74;Kirchengasse 58;58;;;;Kirchengasse;Magistrat der Stadt Wien;48.197608;16.396422;Behsel Stadtplan, WStLA, P1: 295/6;Erdberg;Erdberg
75;Kirchengasse 63;63;;;;Kirchengasse;Magistrat der Stadt Wien;48.19773;16.396643;Behsel Stadtplan, WStLA, P1: 295/6;Erdberg;Erdberg
76;Kirchengasse 62;62;;;;Kirchengasse;Magistrat der Stadt Wien;48.197635;16.396576;Behsel Stadtplan, WStLA, P1: 295/6;Erdberg;Erdberg
77;Kirchengasse 61;61;;;;Kirchengasse;Magistrat der Stadt Wien;48.197544;16.396538;Behsel Stadtplan, WStLA, P1: 295/6;Erdberg;Erdberg
78;Kirchengasse 60;60;;;;Kirchengasse;Magistrat der Stadt Wien;48.197455;16.396481;Behsel Stadtplan, WStLA, P1: 295/6;Erdberg;Erdberg
79;Kirchengasse 59;59;;;;Kirchengasse;Magistrat der Stadt Wien;48.197219;16.39619;Behsel Stadtplan, WStLA, P1: 295/6;Erdberg;Erdberg
82;Hauptstraße 81;81;;;;Hauptstraße;Magistrat der Stadt Wien;48.200165;16.398436;Behsel Stadtplan, WStLA, P1: 295/6;Erdberg;Erdberg
83;Hauptstraße 82;82;;;;Hauptstraße;Magistrat der Stadt Wien;48.199949;16.398568;Behsel Stadtplan, WStLA, P1: 295/6;Erdberg;Erdberg
84;Hauptstraße 83;83;;;;Hauptstraße;Magistrat der Stadt Wien;48.199816;16.398686;Behsel Stadtplan, WStLA, P1: 295/6;Erdberg;Erdberg
85;Hauptstraße 84;84;;;;Hauptstraße;Magistrat der Stadt Wien;48.199599;16.398843;Behsel Stadtplan, WStLA, P1: 295/6;Erdberg;Erdberg
86;Hauptstraße 85;85;;;;Hauptstraße;Magistrat der Stadt Wien;48.199451;16.398967;Behsel Stadtplan, WStLA, P1: 295/6;Erdberg;Erdberg
87;Hauptstraße 86;86;;;;Hauptstraße;Magistrat der Stadt Wien;48.199296;16.399098;Behsel Stadtplan, WStLA, P1: 295/6;Erdberg;Erdberg
88;Hauptstraße 87;87;;;;Hauptstraße;Magistrat der Stadt Wien;48.199149;16.399269;Behsel Stadtplan, WStLA, P1: 295/6;Erdberg;Erdberg
89;Hauptstraße 88;88;;;;Hauptstraße;Magistrat der Stadt Wien;48.198963;16.399464;Behsel Stadtplan, WStLA, P1: 295/6;Erdberg;Erdberg
90;Hauptstraße 89;89;;;;Hauptstraße;Magistrat der Stadt Wien;48.198816;16.399664;Behsel Stadtplan, WStLA, P1: 295/6;Erdberg;Erdberg
91;Hauptstraße 90;90;;;;Hauptstraße;Magistrat der Stadt Wien;48.19867;16.399867;Behsel Stadtplan, WStLA, P1: 295/6;Erdberg;Erdberg
92;Kleinergasse 101;101;;;;Kleinergasse;Magistrat der Stadt Wien;48.198506;16.400131;Behsel Stadtplan, WStLA, P1: 295/6;Erdberg;Erdberg
93;Hauptstraße 102;102;;;;Hauptstraße;Magistrat der Stadt Wien;48.198371;16.40031;Behsel Stadtplan, WStLA, P1: 295/6;Erdberg;Erdberg
94;Hauptstraße 103;103;;;;Hauptstraße;Magistrat der Stadt Wien;48.198271;16.400467;Behsel Stadtplan, WStLA, P1: 295/6;Erdberg;Erdberg
95;Rittergasse 104;104;;;;Rittergasse;Magistrat der Stadt Wien;48.198185;16.4006;Behsel Stadtplan, WStLA, P1: 295/6;Erdberg;Erdberg
96;Rittergasse 105;105;;;;Rittergasse;Magistrat der Stadt Wien;48.198073;16.400738;Behsel Stadtplan, WStLA, P1: 295/6;Erdberg;Erdberg
97;Rittergasse 106;106;;;;Rittergasse;Magistrat der Stadt Wien;48.197945;16.400906;Behsel Stadtplan, WStLA, P1: 295/6;Erdberg;Erdberg
98;Rittergasse 107;107;;;;Rittergasse;"Magistrat der Stadt Wien;Domkustodie";48.197779;16.401107;Behsel Stadtplan, WStLA, P1: 295/6;Erdberg;Erdberg
99;Rittergasse 108;108;;;;Rittergasse;Magistrat der Stadt Wien;48.197403;16.401217;Behsel Stadtplan, WStLA, P1: 295/6;Erdberg;Erdberg
100;Rittergasse 109;109;;;;Rittergasse;Magistrat der Stadt Wien;48.197026;16.401258;Behsel Stadtplan, WStLA, P1: 295/6;Erdberg;Erdberg
101;Rittergasse 110;110;;;;Rittergasse;Magistrat der Stadt Wien;48.196803;16.401398;Behsel Stadtplan, WStLA, P1: 295/6;Erdberg;Erdberg
102;Rittergasse 117;117;;;;Rittergasse;Magistrat der Stadt Wien;48.196639;16.401527;Behsel Stadtplan, WStLA, P1: 295/6;Erdberg;Erdberg
103;Kleine Rittergasse 116;116;;;;Kleine Rittergasse;Domkustodie;48.196552;16.401324;Behsel Stadtplan, WStLA, P1: 295/6;Erdberg;Erdberg
104;Kleine Rittergasse 115;115;;;;Kleine Rittergasse;Domkustodie;48.196482;16.401109;Behsel Stadtplan, WStLA, P1: 295/6;Erdberg;Erdberg
105;Kleine Rittergasse 114;114;;;;Kleine Rittergasse;Domkustodie;48.196374;16.400912;Behsel Stadtplan, WStLA, P1: 295/6;Erdberg;Erdberg
106;Kleine Rittergasse 113;113;;;;Kleine Rittergasse;Domkustodie;48.196331;16.400695;Behsel Stadtplan, WStLA, P1: 295/6;Erdberg;Erdberg
107;Kleine Rittergasse 112;112;;;;Kleine Rittergasse;Domkustodie;48.196267;16.400381;Behsel Stadtplan, WStLA, P1: 295/6;Erdberg;Erdberg
108;Kleine Rittergasse 111;111;;;;Kleine Rittergasse;Domkustodie;48.196203;16.40012;Behsel Stadtplan, WStLA, P1: 295/6;Erdberg;Erdberg
109;Rabengasse 118;118;;;;Rabengasse;Domkustodie;48.196034;16.399955;Behsel Stadtplan, WStLA, P1: 295/6;Erdberg;Erdberg
110;Rabengasse 119;119;;;;Rabengasse;Magistrat der Stadt Wien;48.196008;16.399721;Behsel Stadtplan, WStLA, P1: 295/6;Erdberg;Erdberg
111;Rabengasse 120;120;;;;Rabengasse;Magistrat der Stadt Wien;48.195987;16.399559;Behsel Stadtplan, WStLA, P1: 295/6;Erdberg;Erdberg
112;Rabengasse 121;121;;;;Rabengasse;Magistrat der Stadt Wien;48.195926;16.399269;Behsel Stadtplan, WStLA, P1: 295/6;Erdberg;Erdberg
113;Rabengasse 122;122;;;;Rabengasse;Magistrat der Stadt Wien;48.195866;16.398972;Behsel Stadtplan, WStLA, P1: 295/6;Erdberg;Erdberg
114;Rabengasse 123;123;;;;Rabengasse;Magistrat der Stadt Wien;48.195836;16.398817;Behsel Stadtplan, WStLA, P1: 295/6;Erdberg;Erdberg
115;Rabengasse 124;124;;;;Rabengasse;Magistrat der Stadt Wien;48.195805;16.398702;Behsel Stadtplan, WStLA, P1: 295/6;Erdberg;Erdberg
116;Rabengasse 125;125;;;;Rabengasse;Magistrat der Stadt Wien;48.195779;16.398565;Behsel Stadtplan, WStLA, P1: 295/6;Erdberg;Erdberg
117;Feldgasse 155;155;;;;Feldgasse;Magistrat der Stadt Wien;48.195768;16.398384;Behsel Stadtplan, WStLA, P1: 295/6;Erdberg;Erdberg
118;Feldgasse 156;156;;;;Feldgasse;Magistrat der Stadt Wien;48.195787;16.398142;Behsel Stadtplan, WStLA, P1: 295/6;Erdberg;Erdberg
119;Feldgasse 157;157;;;;Feldgasse;Magistrat der Stadt Wien;48.195832;16.39795;Behsel Stadtplan, WStLA, P1: 295/6;Erdberg;Erdberg
120;Baumgasse 158;158;;;;Baumgasse;Magistrat der Stadt Wien;48.195916;16.397699;Behsel Stadtplan, WStLA, P1: 295/6;Erdberg;Erdberg
121;Baumgasse 159;159;;;;Baumgasse;Magistrat der Stadt Wien;48.195999;16.397493;Behsel Stadtplan, WStLA, P1: 295/6;Erdberg;Erdberg
122;Baumgasse 160;160;;;;Baumgasse;Magistrat der Stadt Wien;48.19605;16.397353;Behsel Stadtplan, WStLA, P1: 295/6;Erdberg;Erdberg
123;Baumgasse 161;161;;;;Baumgasse;Magistrat der Stadt Wien;48.196113;16.397232;Behsel Stadtplan, WStLA, P1: 295/6;Erdberg;Erdberg
124;Baumgasse 162;162;;;;Baumgasse;Magistrat der Stadt Wien;48.196193;16.39709;Behsel Stadtplan, WStLA, P1: 295/6;Erdberg;Erdberg
125;Baumgasse 163;163;;;;Baumgasse;Magistrat der Stadt Wien;48.196275;16.396947;Behsel Stadtplan, WStLA, P1: 295/6;Erdberg;Erdberg
126;Baumgasse 164;164;;;;Baumgasse;Magistrat der Stadt Wien;48.196331;16.396864;Behsel Stadtplan, WStLA, P1: 295/6;Erdberg;Erdberg
127;Baumgasse 165;165;;;;Baumgasse;Magistrat der Stadt Wien;48.19638;16.396782;Behsel Stadtplan, WStLA, P1: 295/6;Erdberg;Erdberg
128;Essiggasse 166;166;;;;Essiggasse;Magistrat der Stadt Wien;48.196584;16.396955;Behsel Stadtplan, WStLA, P1: 295/6;Erdberg;Erdberg
129;Essiggasse 167;167;;;;Essiggasse;Magistrat der Stadt Wien;48.196683;16.397012;Behsel Stadtplan, WStLA, P1: 295/6;Erdberg;Erdberg
132;Kleinergasse 93;93;;;;Kleinergasse;Magistrat der Stadt Wien;48.196261;16.397835;Behsel Stadtplan, WStLA, P1: 295/6;Erdberg;Erdberg
133;Kleinergasse 94;94;;;;Kleinergasse;Magistrat der Stadt Wien;48.196099;16.397966;Behsel Stadtplan, WStLA, P1: 295/6;Erdberg;Erdberg
137;Rittergasse 126;126;;;;Rittergasse;Magistrat der Stadt Wien;48.196563;16.401679;Behsel Stadtplan, WStLA, P1: 295/6;Erdberg;Erdberg
138;Rittergasse 127;127;;;;Rittergasse;Magistrat der Stadt Wien;48.196475;16.401875;Behsel Stadtplan, WStLA, P1: 295/6;Erdberg;Erdberg
139;Rittergasse 128;128;;;;Rittergasse;Magistrat der Stadt Wien;48.196121;16.40254;Behsel Stadtplan, WStLA, P1: 295/6;Erdberg;Erdberg
140;Rittergasse 129;129;;;;Rittergasse;Magistrat der Stadt Wien;48.196001;16.402823;Behsel Stadtplan, WStLA, P1: 295/6;Erdberg;Erdberg
141;Rittergasse 130;130;;;;Rittergasse;Magistrat der Stadt Wien;48.195774;16.403115;Behsel Stadtplan, WStLA, P1: 295/6;Erdberg;Erdberg
142;Rittergasse 131;131;;;;Rittergasse;Magistrat der Stadt Wien;48.195643;16.403345;Behsel Stadtplan, WStLA, P1: 295/6;Erdberg;Erdberg
143;Rittergasse 132;132;;;;Rittergasse;Magistrat der Stadt Wien;48.195566;16.403479;Behsel Stadtplan, WStLA, P1: 295/6;Erdberg;Erdberg
144;Rittergasse 133;133;;;;Rittergasse;Magistrat der Stadt Wien;48.195501;16.40359;Behsel Stadtplan, WStLA, P1: 295/6;Erdberg;Erdberg
145;Leonhardigasse 134;134;;;;Leonhardigasse;Magistrat der Stadt Wien;48.195366;16.403644;Behsel Stadtplan, WStLA, P1: 295/6;Erdberg;Erdberg
146;Leonhardigasse 135;135;;;;Leonhardigasse;Magistrat der Stadt Wien;48.195263;16.403547;Behsel Stadtplan, WStLA, P1: 295/6;Erdberg;Erdberg
147;Leonhardigasse 136;136;;;;Leonhardigasse;Magistrat der Stadt Wien;48.195133;16.403388;Behsel Stadtplan, WStLA, P1: 295/6;Erdberg;Erdberg
148;Leonhardigasse 137;137;;;;Leonhardigasse;Magistrat der Stadt Wien;48.195034;16.403266;Behsel Stadtplan, WStLA, P1: 295/6;Erdberg;Erdberg
149;Leonhardigasse 138;138;;;;Leonhardigasse;Magistrat der Stadt Wien;48.194933;16.403204;Behsel Stadtplan, WStLA, P1: 295/6;Erdberg;Erdberg
150;Leonhardigasse 139;139;;;;Leonhardigasse;Magistrat der Stadt Wien;48.194857;16.403111;Behsel Stadtplan, WStLA, P1: 295/6;Erdberg;Erdberg
151;Leonhardigasse 140;140;;;;Leonhardigasse;Magistrat der Stadt Wien;48.194805;16.402982;Behsel Stadtplan, WStLA, P1: 295/6;Erdberg;Erdberg
152;Leonhardigasse 141;141;;;;Leonhardigasse;Magistrat der Stadt Wien;48.194736;16.402902;Behsel Stadtplan, WStLA, P1: 295/6;Erdberg;Erdberg
153;Leonhardigasse 142;142;;;;Leonhardigasse;Magistrat der Stadt Wien;48.194656;16.402828;Behsel Stadtplan, WStLA, P1: 295/6;Erdberg;Erdberg
154;Leonhardigasse 143;143;;;;Leonhardigasse;Magistrat der Stadt Wien;48.194553;16.402719;Behsel Stadtplan, WStLA, P1: 295/6;Erdberg;Erdberg
155;Leonhardigasse 144;144;;;;Leonhardigasse;Magistrat der Stadt Wien;48.194453;16.402636;Behsel Stadtplan, WStLA, P1: 295/6;Erdberg;Erdberg
156;Leonhardigasse 145;145;;;;Leonhardigasse;Magistrat der Stadt Wien;48.194352;16.40249;Behsel Stadtplan, WStLA, P1: 295/6;Erdberg;Erdberg
157;Feldgasse 146;146;;;;Feldgasse;Magistrat der Stadt Wien;48.194328;16.402284;Behsel Stadtplan, WStLA, P1: 295/6;Erdberg;Erdberg
158;Feldgasse 148;148;;;;Feldgasse;Magistrat der Stadt Wien;48.194371;16.40215;Behsel Stadtplan, WStLA, P1: 295/6;Erdberg;Erdberg
159;Feldgasse 149;149;;;;Feldgasse;Magistrat der Stadt Wien;48.19444;16.402;Behsel Stadtplan, WStLA, P1: 295/6;Erdberg;Erdberg
160;Feldgasse 147;147;;;;Feldgasse;Magistrat der Stadt Wien;48.194529;16.40257;Behsel Stadtplan, WStLA, P1: 295/6;Erdberg;Erdberg
161;Feldgasse 171;171;;;;Feldgasse;Bürgerspital in Wien;48.194161;16.402263;Behsel Stadtplan, WStLA, P1: 295/6;Erdberg;Erdberg
162;Feldgasse 170;170;;;;Feldgasse;Bürgerspital in Wien;48.194317;16.401894;Behsel Stadtplan, WStLA, P1: 295/6;Erdberg;Erdberg
163;Feldgasse 169;169;;;;Feldgasse;Bürgerspital in Wien;48.194404;16.401669;Behsel Stadtplan, WStLA, P1: 295/6;Erdberg;Erdberg
164;Feldgasse 168;168;;;;Feldgasse;Bürgerspital in Wien;48.194536;16.401353;Behsel Stadtplan, WStLA, P1: 295/6;Erdberg;Erdberg
165;Feldgasse 150;150;;;;Feldgasse;Magistrat der Stadt Wien;48.194602;16.401618;Behsel Stadtplan, WStLA, P1: 295/6;Erdberg;Erdberg
166;Schimmelgasse 172;172;;;;Schimmelgasse;Bürgerspital in Wien;48.193918;16.402579;Behsel Stadtplan, WStLA, P1: 295/6;Erdberg;Erdberg
167;Schimmelgasse 173;173;;;;Schimmelgasse;Bürgerspital in Wien;48.193756;16.402361;Behsel Stadtplan, WStLA, P1: 295/6;Erdberg;Erdberg
168;Feldgasse 151;151;;;;Feldgasse;Magistrat der Stadt Wien;48.194718;16.401366;Behsel Stadtplan, WStLA, P1: 295/6;Erdberg;Erdberg
169;Feldgasse 201;201;;;;Feldgasse;Bürgerspital in Wien;48.193874;16.402993;Behsel Stadtplan, WStLA, P1: 295/6;Erdberg;Erdberg
170;Schimmelgasse 200;200;;;;Schimmelgasse;Bürgerspital in Wien;48.193773;16.402755;Behsel Stadtplan, WStLA, P1: 295/6;Erdberg;Erdberg
171;Schimmelgasse 199;199;;;;Schimmelgasse;Bürgerspital in Wien;48.193633;16.402552;Behsel Stadtplan, WStLA, P1: 295/6;Erdberg;Erdberg
172;Schimmelgasse 198;198;;;;Schimmelgasse;Bürgerspital in Wien;48.193451;16.402312;Behsel Stadtplan, WStLA, P1: 295/6;Erdberg;Erdberg
173;Schimmelgasse 197;197;;;;Schimmelgasse;Bürgerspital in Wien;48.193336;16.402134;Behsel Stadtplan, WStLA, P1: 295/6;Erdberg;Erdberg
174;Schimmelgasse 196;196;;;;Schimmelgasse;Bürgerspital in Wien;48.193167;16.401907;Behsel Stadtplan, WStLA, P1: 295/6;Erdberg;Erdberg
175;Schimmelgasse 174;174;;;;Schimmelgasse;Bürgerspital in Wien;48.1936;16.402159;Behsel Stadtplan, WStLA, P1: 295/6;Erdberg;Erdberg
176;Schimmelgasse 175;175;;;;Schimmelgasse;Bürgerspital in Wien;48.193445;16.401932;Behsel Stadtplan, WStLA, P1: 295/6;Erdberg;Erdberg
177;Schimmelgasse 176;176;;;;Schimmelgasse;Bürgerspital in Wien;48.19327;16.401688;Behsel Stadtplan, WStLA, P1: 295/6;Erdberg;Erdberg
178;Paulusgasse 177;177;;;;Paulusgasse;Bürgerspital in Wien;48.193211;16.401013;Behsel Stadtplan, WStLA, P1: 295/6;Erdberg;Erdberg
179;Paulusgasse 178;178;;;;Paulusgasse;Bürgerspital in Wien;48.193391;16.400698;Behsel Stadtplan, WStLA, P1: 295/6;Erdberg;Erdberg
180;Paulusgasse 183;183;;;;Paulusgasse;Bürgerspital in Wien;48.193252;16.400529;Behsel Stadtplan, WStLA, P1: 295/6;Erdberg;Erdberg
181;Paulusgasse 184;184;;;;Paulusgasse;Bürgerspital in Wien;48.192992;16.400552;Behsel Stadtplan, WStLA, P1: 295/6;Erdberg;Erdberg
182;Paulusgasse 182;182;;;;Paulusgasse;Bürgerspital in Wien;48.19337;16.40031;Behsel Stadtplan, WStLA, P1: 295/6;Erdberg;Erdberg
183;Paulusgasse 180;180;;;;Paulusgasse;Bürgerspital in Wien;48.193695;16.400178;Behsel Stadtplan, WStLA, P1: 295/6;Erdberg;Erdberg
184;Paulusgasse 179;179;;;;Paulusgasse;Bürgerspital in Wien;48.193538;16.400453;Behsel Stadtplan, WStLA, P1: 295/6;Erdberg;Erdberg
185;Petrusgasse 181;181;;;;Petrusgasse;Bürgerspital in Wien;48.19355;16.400002;Behsel Stadtplan, WStLA, P1: 295/6;Erdberg;Erdberg
186;Paulusgasse 188;188;;;;Paulusgasse;Bürgerspital in Wien;48.192555;16.401748;Behsel Stadtplan, WStLA, P1: 295/6;Erdberg;Erdberg
187;Paulusgasse 189;189;;;;Paulusgasse;Bürgerspital in Wien;48.192392;16.40203;Behsel Stadtplan, WStLA, P1: 295/6;Erdberg;Erdberg
188;Paulusgasse 190;190;;;;Paulusgasse;Bürgerspital in Wien;48.19225;16.402304;Behsel Stadtplan, WStLA, P1: 295/6;Erdberg;Erdberg
189;Schimmelgasse 187;187;;;;Schimmelgasse;Bürgerspital in Wien;48.192493;16.401049;Behsel Stadtplan, WStLA, P1: 295/6;Erdberg;Erdberg
190;Schimmelgasse 186;186;;;;Schimmelgasse;Bürgerspital in Wien;48.192332;16.400837;Behsel Stadtplan, WStLA, P1: 295/6;Erdberg;Erdberg
191;Schimmelgasse 185;185;;;;Schimmelgasse;Bürgerspital in Wien;48.192203;16.400648;Behsel Stadtplan, WStLA, P1: 295/6;Erdberg;Erdberg
206;Hohlweggasse 192;192;;;;Hohlweggasse;Bürgerspital in Wien;48.191559;16.402209;Behsel Stadtplan, WStLA, P1: 295/6;Erdberg;Erdberg
207;Hohlweggasse 193;193;;;;Hohlweggasse;Bürgerspital in Wien;48.191401;16.401999;Behsel Stadtplan, WStLA, P1: 295/6;Erdberg;Erdberg
208;Hohlweggasse 194;194;;;;Hohlweggasse;Bürgerspital in Wien;48.191238;16.401759;Behsel Stadtplan, WStLA, P1: 295/6;Erdberg;Erdberg
209;Hohlweggasse 191;191;;;;Hohlweggasse;Bürgerspital in Wien;48.191729;16.402415;Behsel Stadtplan, WStLA, P1: 295/6;Erdberg;Erdberg
210;Paulusgasse 195;195;;;;Paulusgasse;Bürgerspital in Wien;48.192234;16.403006;Behsel Stadtplan, WStLA, P1: 295/6;Erdberg;Erdberg
211;Hohlweggasse 210;210;;;;Hohlweggasse;Bürgerspital in Wien;48.192422;16.403255;Behsel Stadtplan, WStLA, P1: 295/6;Erdberg;Erdberg
212;Hohlweggasse 209;209;;;;Hohlweggasse;Bürgerspital in Wien;48.192565;16.40346;Behsel Stadtplan, WStLA, P1: 295/6;Erdberg;Erdberg
213;Hohlweggasse 208;208;;;;Hohlweggasse;Bürgerspital in Wien;48.192716;16.403667;Behsel Stadtplan, WStLA, P1: 295/6;Erdberg;Erdberg
214;Hohlweggasse 207;207;;;;Hohlweggasse;Bürgerspital in Wien;48.192862;16.403862;Behsel Stadtplan, WStLA, P1: 295/6;Erdberg;Erdberg
215;Hohlweggasse 206;206;;;;Hohlweggasse;Bürgerspital in Wien;48.193008;16.404065;Behsel Stadtplan, WStLA, P1: 295/6;Erdberg;Erdberg
216;Feldgasse 205;205;;;;Feldgasse;Bürgerspital in Wien;48.193252;16.404228;Behsel Stadtplan, WStLA, P1: 295/6;Erdberg;Erdberg
217;Hohlweggasse 211;211;;;;Hohlweggasse;Magistrat der Stadt Wien;48.19319;16.404751;Behsel Stadtplan, WStLA, P1: 295/6;Erdberg;Erdberg
218;Feldgasse 204;204;;;;Feldgasse;Bürgerspital in Wien;48.19342;16.403876;Behsel Stadtplan, WStLA, P1: 295/6;Erdberg;Erdberg
219;Feldgasse 203;203;;;;Feldgasse;Bürgerspital in Wien;48.193532;16.403615;Behsel Stadtplan, WStLA, P1: 295/6;Erdberg;Erdberg
220;Feldgasse 202;202;;;;Feldgasse;Bürgerspital in Wien;48.19367;16.403339;Behsel Stadtplan, WStLA, P1: 295/6;Erdberg;Erdberg
221;Kleingasse 214;214;;;;Kleingasse;Magistrat der Stadt Wien;48.193601;16.404327;Behsel Stadtplan, WStLA, P1: 295/6;Erdberg;Erdberg
222;Feldgasse 215;215;;;;Feldgasse;Magistrat der Stadt Wien;48.193669;16.404141;Behsel Stadtplan, WStLA, P1: 295/6;Erdberg;Erdberg
223;Feldgasse 216;216;;;;Feldgasse;Magistrat der Stadt Wien;48.193722;16.403991;Behsel Stadtplan, WStLA, P1: 295/6;Erdberg;Erdberg
224;Feldgasse 217;217;;;;Feldgasse;Magistrat der Stadt Wien;48.193781;16.403825;Behsel Stadtplan, WStLA, P1: 295/6;Erdberg;Erdberg
225;Kleingasse 213;213;;;;Kleingasse;Domkustodie;48.19371;16.404477;Behsel Stadtplan, WStLA, P1: 295/6;Erdberg;Erdberg
226;Feldgasse 218;218;;;;Feldgasse;Magistrat der Stadt Wien;48.193837;16.40368;Behsel Stadtplan, WStLA, P1: 295/6;Erdberg;Erdberg
227;Feldgasse 219;219;;;;Feldgasse;Magistrat der Stadt Wien;48.1939;16.403515;Behsel Stadtplan, WStLA, P1: 295/6;Erdberg;Erdberg
228;Feldgasse 220;220;;;;Feldgasse;Magistrat der Stadt Wien;48.193955;16.403371;Behsel Stadtplan, WStLA, P1: 295/6;Erdberg;Erdberg
229;Feldgasse 221;221;;;;Feldgasse;Magistrat der Stadt Wien;48.194017;16.403195;Behsel Stadtplan, WStLA, P1: 295/6;Erdberg;Erdberg
230;Feldgasse 222;222;;;;Feldgasse;Magistrat der Stadt Wien;48.194092;16.402994;Behsel Stadtplan, WStLA, P1: 295/6;Erdberg;Erdberg
231;Leonhardigasse 223;223;;;;Leonhardigasse;Magistrat der Stadt Wien;48.194197;16.402829;Behsel Stadtplan, WStLA, P1: 295/6;Erdberg;Erdberg
232;Leonhardigasse 224;224;;;;Leonhardigasse;"Magistrat der Stadt Wien;Domkustodie";48.194343;16.402934;Behsel Stadtplan, WStLA, P1: 295/6;Erdberg;Erdberg
233;Leonhardigasse 225;225;;;;Leonhardigasse;"Magistrat der Stadt Wien;Domkustodie";48.194447;16.403008;Behsel Stadtplan, WStLA, P1: 295/6;Erdberg;Erdberg
234;Leonhardigasse 226;226;;;;Leonhardigasse;"Magistrat der Stadt Wien;Domkustodie";48.194507;16.403068;Behsel Stadtplan, WStLA, P1: 295/6;Erdberg;Erdberg
235;Leonhardigasse 227;227;;;;Leonhardigasse;"Magistrat der Stadt Wien;Domkustodie";48.194587;16.403141;Behsel Stadtplan, WStLA, P1: 295/6;Erdberg;Erdberg
236;Leonhardigasse 228;228;;;;Leonhardigasse;"Magistrat der Stadt Wien;Domkustodie";48.194671;16.403224;Behsel Stadtplan, WStLA, P1: 295/6;Erdberg;Erdberg
237;Leonhardigasse 229;229;;;;Leonhardigasse;"Magistrat der Stadt Wien;Domkustodie";48.194746;16.403297;Behsel Stadtplan, WStLA, P1: 295/6;Erdberg;Erdberg
238;Leonhardigasse 230;230;;;;Leonhardigasse;"Magistrat der Stadt Wien;Domkustodie";48.194792;16.40335;Behsel Stadtplan, WStLA, P1: 295/6;Erdberg;Erdberg
239;Leonhardigasse 231;231;;;;Leonhardigasse;"Magistrat der Stadt Wien;Domkustodie";48.194883;16.403453;Behsel Stadtplan, WStLA, P1: 295/6;Erdberg;Erdberg
240;Leonhardigasse 232;232;;;;Leonhardigasse;"Magistrat der Stadt Wien;Domkustodie";48.195018;16.403593;Behsel Stadtplan, WStLA, P1: 295/6;Erdberg;Erdberg
241;Leonhardigasse 233;233;;;;Leonhardigasse;"Magistrat der Stadt Wien;Domkustodie";48.195122;16.403698;Behsel Stadtplan, WStLA, P1: 295/6;Erdberg;Erdberg
242;Leonhardigasse 234;234;;;;Leonhardigasse;"Magistrat der Stadt Wien;Domkustodie";48.195219;16.403791;Behsel Stadtplan, WStLA, P1: 295/6;Erdberg;Erdberg
243;Leonhardigasse 235;235;;;;Leonhardigasse;"Magistrat der Stadt Wien;Domkustodie";48.195332;16.403903;Behsel Stadtplan, WStLA, P1: 295/6;Erdberg;Erdberg
244;Leonhardigasse 236;236;;;;Leonhardigasse;Magistrat der Stadt Wien;48.195564;16.403847;Behsel Stadtplan, WStLA, P1: 295/6;Erdberg;Erdberg
245;Leonhardigasse 237;237;;;;Leonhardigasse;Magistrat der Stadt Wien;48.19554;16.404067;Behsel Stadtplan, WStLA, P1: 295/6;Erdberg;Erdberg
246;Wällischgasse 238;238;;;;Wällischgasse;Magistrat der Stadt Wien;48.19548;16.40412;Behsel Stadtplan, WStLA, P1: 295/6;Erdberg;Erdberg
247;Wällischgasse 239;239;;;;Wällischgasse;Magistrat der Stadt Wien;48.195367;16.404069;Behsel Stadtplan, WStLA, P1: 295/6;Erdberg;Erdberg
248;Wällischgasse 240;240;;;;Wällischgasse;"Magistrat der Stadt Wien;Domkustodie";48.195398;16.404296;Behsel Stadtplan, WStLA, P1: 295/6;Erdberg;Erdberg
249;Wällischgasse 241;241;;;;Wällischgasse;"Magistrat der Stadt Wien;Domkustodie";48.195329;16.404432;Behsel Stadtplan, WStLA, P1: 295/6;Erdberg;Erdberg
250;Wällischgasse 242;242;;;;Wällischgasse;"Magistrat der Stadt Wien;Domkustodie";48.195264;16.404586;Behsel Stadtplan, WStLA, P1: 295/6;Erdberg;Erdberg
251;Wällischgasse 243;243;;;;Wällischgasse;"Magistrat der Stadt Wien;Domkustodie";48.195218;16.404728;Behsel Stadtplan, WStLA, P1: 295/6;Erdberg;Erdberg
252;Wällischgasse 244;244;;;;Wällischgasse;"Magistrat der Stadt Wien;Domkustodie";48.195159;16.404862;Behsel Stadtplan, WStLA, P1: 295/6;Erdberg;Erdberg
253;Wällischgasse 245;245;;;;Wällischgasse;"Magistrat der Stadt Wien;Domkustodie";48.195096;16.404998;Behsel Stadtplan, WStLA, P1: 295/6;Erdberg;Erdberg
254;Wällischgasse 246;246;;;;Wällischgasse;"Magistrat der Stadt Wien;Domkustodie";48.195011;16.405184;Behsel Stadtplan, WStLA, P1: 295/6;Erdberg;Erdberg
255;Wällischgasse 247;247;;;;Wällischgasse;"Magistrat der Stadt Wien;Domkustodie";48.194947;16.405345;Behsel Stadtplan, WStLA, P1: 295/6;Erdberg;Erdberg
256;Wällischgasse 248;248;;;;Wällischgasse;"Magistrat der Stadt Wien;Domkustodie";48.194866;16.405507;Behsel Stadtplan, WStLA, P1: 295/6;Erdberg;Erdberg
257;Wällischgasse 249;249;;;;Wällischgasse;Magistrat der Stadt Wien;48.194811;16.40565;Behsel Stadtplan, WStLA, P1: 295/6;Erdberg;Erdberg
258;Wällischgasse 250;250;;;;Wällischgasse;Magistrat der Stadt Wien;48.194741;16.405803;Behsel Stadtplan, WStLA, P1: 295/6;Erdberg;Erdberg
259;Wällischgasse 251;251;;;;Wällischgasse;Magistrat der Stadt Wien;48.194644;16.405997;Behsel Stadtplan, WStLA, P1: 295/6;Erdberg;Erdberg
260;Kleingasse 212;212;;;;Kleingasse;Magistrat der Stadt Wien;48.194557;16.405392;Behsel Stadtplan, WStLA, P1: 295/6;Erdberg;Erdberg
261;Wällischgasse 252;252;;;;Wällischgasse;Magistrat der Stadt Wien;48.194603;16.40611;Behsel Stadtplan, WStLA, P1: 295/6;Erdberg;Erdberg
262;Wällischgasse 253;253;;;;Wällischgasse;Magistrat der Stadt Wien;48.194678;16.40618;Behsel Stadtplan, WStLA, P1: 295/6;Erdberg;Erdberg
263;Wällischgasse 254;254;;;;Wällischgasse;Magistrat der Stadt Wien;48.194728;16.406111;Behsel Stadtplan, WStLA, P1: 295/6;Erdberg;Erdberg
264;Wällischgasse 255;255;;;;Wällischgasse;Magistrat der Stadt Wien;48.194801;16.406035;Behsel Stadtplan, WStLA, P1: 295/6;Erdberg;Erdberg
265;Wällischgasse 256;256;;;;Wällischgasse;Magistrat der Stadt Wien;48.194827;16.405908;Behsel Stadtplan, WStLA, P1: 295/6;Erdberg;Erdberg
266;Amongasse 257;257;;;;Amongasse;Magistrat der Stadt Wien;48.194951;16.405961;Behsel Stadtplan, WStLA, P1: 295/6;Erdberg;Erdberg
267;Wällischgasse 258;258;;;;Wällischgasse;Magistrat der Stadt Wien;48.194891;16.405792;Behsel Stadtplan, WStLA, P1: 295/6;Erdberg;Erdberg
268;Wällischgasse 259;259;;;;Wällischgasse;Magistrat der Stadt Wien;48.194927;16.405716;Behsel Stadtplan, WStLA, P1: 295/6;Erdberg;Erdberg
269;Wällischgasse 260;260;;;;Wällischgasse;Magistrat der Stadt Wien;48.194962;16.405615;Behsel Stadtplan, WStLA, P1: 295/6;Erdberg;Erdberg
270;Wällischgasse 261;261;;;;Wällischgasse;Magistrat der Stadt Wien;48.195021;16.405486;Behsel Stadtplan, WStLA, P1: 295/6;Erdberg;Erdberg
271;Wällischgasse 262;262;;;;Wällischgasse;Magistrat der Stadt Wien;48.195087;16.40535;Behsel Stadtplan, WStLA, P1: 295/6;Erdberg;Erdberg
272;Wällischgasse 263;263;;;;Wällischgasse;Magistrat der Stadt Wien;48.19515;16.405221;Behsel Stadtplan, WStLA, P1: 295/6;Erdberg;Erdberg
273;Wällischgasse 264;264;;;;Wällischgasse;Magistrat der Stadt Wien;48.195208;16.405092;Behsel Stadtplan, WStLA, P1: 295/6;Erdberg;Erdberg
274;Wällischgasse 265;265;;;;Wällischgasse;Magistrat der Stadt Wien;48.195257;16.404952;Behsel Stadtplan, WStLA, P1: 295/6;Erdberg;Erdberg
275;Wällischgasse 266;266;;;;Wällischgasse;Magistrat der Stadt Wien;48.195299;16.404824;Behsel Stadtplan, WStLA, P1: 295/6;Erdberg;Erdberg
276;Wällischgasse 267;267;;;;Wällischgasse;Magistrat der Stadt Wien;48.195369;16.404678;Behsel Stadtplan, WStLA, P1: 295/6;Erdberg;Erdberg
277;Wällischgasse 268;268;;;;Wällischgasse;Magistrat der Stadt Wien;48.195448;16.404543;Behsel Stadtplan, WStLA, P1: 295/6;Erdberg;Erdberg
278;Wällischgasse 269;269;;;;Wällischgasse;Magistrat der Stadt Wien;48.195524;16.404378;Behsel Stadtplan, WStLA, P1: 295/6;Erdberg;Erdberg
279;Wällischgasse 270;270;;;;Wällischgasse;Magistrat der Stadt Wien;48.195608;16.404221;Behsel Stadtplan, WStLA, P1: 295/6;Erdberg;Erdberg
280;Kugelgasse 271;271;;;;Kugelgasse;Magistrat der Stadt Wien;48.195756;16.404067;Behsel Stadtplan, WStLA, P1: 295/6;Erdberg;Erdberg
281;Kugelgasse 272;272;;;;Kugelgasse;Magistrat der Stadt Wien;48.195873;16.404182;Behsel Stadtplan, WStLA, P1: 295/6;Erdberg;Erdberg
282;Kugelgasse 273;273;;;;Kugelgasse;Magistrat der Stadt Wien;48.195943;16.404251;Behsel Stadtplan, WStLA, P1: 295/6;Erdberg;Erdberg
283;Kugelgasse 274;274;;;;Kugelgasse;Magistrat der Stadt Wien;48.196006;16.404318;Behsel Stadtplan, WStLA, P1: 295/6;Erdberg;Erdberg
284;Gestättengasse 282;282;;;;Gestättengasse;Magistrat der Stadt Wien;48.195818;16.405459;Behsel Stadtplan, WStLA, P1: 295/6;Erdberg;Erdberg
285;Rittergasse 285;285;;;;Rittergasse;Magistrat der Stadt Wien;48.195746;16.403862;Behsel Stadtplan, WStLA, P1: 295/6;Erdberg;Erdberg
286;Kugelgasse 284;284;;;;Kugelgasse;Magistrat der Stadt Wien;48.195976;16.404106;Behsel Stadtplan, WStLA, P1: 295/6;Erdberg;Erdberg
287;Kugelgasse 283;283;;;;Kugelgasse;Magistrat der Stadt Wien;48.196057;16.404171;Behsel Stadtplan, WStLA, P1: 295/6;Erdberg;Erdberg
288;Rittergasse 286;286;;;;Rittergasse;Magistrat der Stadt Wien;48.195793;16.403734;Behsel Stadtplan, WStLA, P1: 295/6;Erdberg;Erdberg
289;Rittergasse 287;287;;;;Rittergasse;Magistrat der Stadt Wien;48.195816;16.403652;Behsel Stadtplan, WStLA, P1: 295/6;Erdberg;Erdberg
290;Rittergasse 288;288;;;;Rittergasse;Magistrat der Stadt Wien;48.195865;16.403534;Behsel Stadtplan, WStLA, P1: 295/6;Erdberg;Erdberg
291;Rittergasse 289;289;;;;Rittergasse;Magistrat der Stadt Wien;48.195893;16.403563;Behsel Stadtplan, WStLA, P1: 295/6;Erdberg;Erdberg
292;Rittergasse 290;290;;;;Rittergasse;Magistrat der Stadt Wien;48.195933;16.403381;Behsel Stadtplan, WStLA, P1: 295/6;Erdberg;Erdberg
293;Rittergasse 291;291;;;;Rittergasse;Magistrat der Stadt Wien;48.196014;16.403212;Behsel Stadtplan, WStLA, P1: 295/6;Erdberg;Erdberg
294;Rittergasse 292;292;;;;Rittergasse;Magistrat der Stadt Wien;48.196068;16.403083;Behsel Stadtplan, WStLA, P1: 295/6;Erdberg;Erdberg
295;Rittergasse 293;293;;;;Rittergasse;Magistrat der Stadt Wien;48.196118;16.40297;Behsel Stadtplan, WStLA, P1: 295/6;Erdberg;Erdberg
296;Rittergasse 294;294;;;;Rittergasse;Magistrat der Stadt Wien;48.196172;16.402829;Behsel Stadtplan, WStLA, P1: 295/6;Erdberg;Erdberg
297;Rittergasse 295;295;;;;Rittergasse;Magistrat der Stadt Wien;48.196223;16.402692;Behsel Stadtplan, WStLA, P1: 295/6;Erdberg;Erdberg
298;Rittergasse 296;296;;;;Rittergasse;Magistrat der Stadt Wien;48.196268;16.402565;Behsel Stadtplan, WStLA, P1: 295/6;Erdberg;Erdberg
299;Rittergasse 297;297;;;;Rittergasse;Magistrat der Stadt Wien;48.196338;16.402456;Behsel Stadtplan, WStLA, P1: 295/6;Erdberg;Erdberg
300;Rittergasse 298;298;;;;Rittergasse;Magistrat der Stadt Wien;48.196395;16.402373;Behsel Stadtplan, WStLA, P1: 295/6;Erdberg;Erdberg
301;Rittergasse 299;299;;;;Rittergasse;Magistrat der Stadt Wien;48.196469;16.402198;Behsel Stadtplan, WStLA, P1: 295/6;Erdberg;Erdberg
302;Rittergasse 300;300;;;;Rittergasse;Magistrat der Stadt Wien;48.196624;16.401926;Behsel Stadtplan, WStLA, P1: 295/6;Erdberg;Erdberg
303;Rittergasse 301;301;;;;Rittergasse;Magistrat der Stadt Wien;48.196695;16.401784;Behsel Stadtplan, WStLA, P1: 295/6;Erdberg;Erdberg
304;Rittergasse 302;302;;;;Rittergasse;Magistrat der Stadt Wien;48.196752;16.401688;Behsel Stadtplan, WStLA, P1: 295/6;Erdberg;Erdberg
305;Rittergasse 303;303;;;;Rittergasse;Magistrat der Stadt Wien;48.196884;16.401528;Behsel Stadtplan, WStLA, P1: 295/6;Erdberg;Erdberg
306;Schulgasse 304;304;;;;Schulgasse;Magistrat der Stadt Wien;48.197073;16.401445;Behsel Stadtplan, WStLA, P1: 295/6;Erdberg;Erdberg
307;Schulgasse 305;305;;;;Schulgasse;Magistrat der Stadt Wien;48.197301;16.401521;Behsel Stadtplan, WStLA, P1: 295/6;Erdberg;Erdberg
308;Schulgasse 306;306;;;;Schulgasse;Magistrat der Stadt Wien;48.197471;16.401619;Behsel Stadtplan, WStLA, P1: 295/6;Erdberg;Erdberg
309;Rittergasse 307;307;;;Die öffentliche Schule;Rittergasse;Magistrat der Stadt Wien;48.197372;16.401374;Behsel Stadtplan, WStLA, P1: 295/6;Erdberg;Erdberg
310;Rittergasse 308;308;;;;Rittergasse;Magistrat der Stadt Wien;48.197671;16.40139;Behsel Stadtplan, WStLA, P1: 295/6;Erdberg;Erdberg
311;Rittergasse 309;309;;;;Rittergasse;Magistrat der Stadt Wien;48.197822;16.401292;Behsel Stadtplan, WStLA, P1: 295/6;Erdberg;Erdberg
312;Antonigasse 310;310;;;;Antonigasse;Magistrat der Stadt Wien;48.197767;16.401588;Behsel Stadtplan, WStLA, P1: 295/6;Erdberg;Erdberg
313;Antonigasse 311;311;;;;Antonigasse;Magistrat der Stadt Wien;48.197592;16.401759;Behsel Stadtplan, WStLA, P1: 295/6;Erdberg;Erdberg
314;Antonigasse 312;312;;;;Antonigasse;Magistrat der Stadt Wien;48.197535;16.401973;Behsel Stadtplan, WStLA, P1: 295/6;Erdberg;Erdberg
315;Antonigasse 313;313;;;;Antonigasse;Magistrat der Stadt Wien;48.197479;16.402162;Behsel Stadtplan, WStLA, P1: 295/6;Erdberg;Erdberg
316;Antonigasse 314;314;;;;Antonigasse;Magistrat der Stadt Wien;48.197403;16.402327;Behsel Stadtplan, WStLA, P1: 295/6;Erdberg;Erdberg
317;Antonigasse 315;315;;;;Antonigasse;Magistrat der Stadt Wien;48.197335;16.402422;Behsel Stadtplan, WStLA, P1: 295/6;Erdberg;Erdberg
318;Antonigasse 316;316;;;;Antonigasse;Magistrat der Stadt Wien;48.197322;16.402484;Behsel Stadtplan, WStLA, P1: 295/6;Erdberg;Erdberg
319;Antonigasse 318;318;;;;Antonigasse;Magistrat der Stadt Wien;48.197272;16.402642;Behsel Stadtplan, WStLA, P1: 295/6;Erdberg;Erdberg
320;Antonigasse 317;317;;;;Antonigasse;Magistrat der Stadt Wien;48.197287;16.402557;Behsel Stadtplan, WStLA, P1: 295/6;Erdberg;Erdberg
321;Antonigasse 319;319;;;;Antonigasse;Magistrat der Stadt Wien;48.197206;16.402745;Behsel Stadtplan, WStLA, P1: 295/6;Erdberg;Erdberg
322;Antonigasse 320;320;;;;Antonigasse;Magistrat der Stadt Wien;48.197153;16.402851;Behsel Stadtplan, WStLA, P1: 295/6;Erdberg;Erdberg
323;Antonigasse 321;321;;;;Antonigasse;Magistrat der Stadt Wien;48.197105;16.402953;Behsel Stadtplan, WStLA, P1: 295/6;Erdberg;Erdberg
324;Antonigasse 322;322;;;;Antonigasse;Magistrat der Stadt Wien;48.197128;16.402976;Behsel Stadtplan, WStLA, P1: 295/6;Erdberg;Erdberg
325;Antonigasse 323;323;;;;Antonigasse;Magistrat der Stadt Wien;48.197066;16.403036;Behsel Stadtplan, WStLA, P1: 295/6;Erdberg;Erdberg
326;Antonigasse 324;324;;;;Antonigasse;Magistrat der Stadt Wien;48.196973;16.403279;Behsel Stadtplan, WStLA, P1: 295/6;Erdberg;Erdberg
327;Antonigasse 325;325;;;;Antonigasse;Magistrat der Stadt Wien;48.196815;16.403704;Behsel Stadtplan, WStLA, P1: 295/6;Erdberg;Erdberg
328;Antonigasse 326;326;;;;Antonigasse;Magistrat der Stadt Wien;48.196659;16.404195;Behsel Stadtplan, WStLA, P1: 295/6;Erdberg;Erdberg
329;Antonigasse 327;327;;;;Antonigasse;Magistrat der Stadt Wien;48.196615;16.404377;Behsel Stadtplan, WStLA, P1: 295/6;Erdberg;Erdberg
330;Antonigasse 328;328;;;;Antonigasse;Magistrat der Stadt Wien;48.196521;16.404736;Behsel Stadtplan, WStLA, P1: 295/6;Erdberg;Erdberg
331;Antonigasse 329;329;;;;Antonigasse;Magistrat der Stadt Wien;48.196466;16.40502;Behsel Stadtplan, WStLA, P1: 295/6;Erdberg;Erdberg
332;Antonigasse 330;330;;;;Antonigasse;Magistrat der Stadt Wien;48.196391;16.405392;Behsel Stadtplan, WStLA, P1: 295/6;Erdberg;Erdberg
333;Antonigasse 331;331;;;;Antonigasse;Magistrat der Stadt Wien;48.196357;16.405579;Behsel Stadtplan, WStLA, P1: 295/6;Erdberg;Erdberg
334;Antonigasse 332;332;;;;Antonigasse;Magistrat der Stadt Wien;48.196313;16.405767;Behsel Stadtplan, WStLA, P1: 295/6;Erdberg;Erdberg
335;Antonigasse 333;333;;;;Antonigasse;Magistrat der Stadt Wien;48.196304;16.405914;Behsel Stadtplan, WStLA, P1: 295/6;Erdberg;Erdberg
336;Antonigasse 334;334;;;;Antonigasse;Magistrat der Stadt Wien;48.196282;16.406019;Behsel Stadtplan, WStLA, P1: 295/6;Erdberg;Erdberg
337;Antonigasse 335;335;;;;Antonigasse;Magistrat der Stadt Wien;48.196259;16.406143;Behsel Stadtplan, WStLA, P1: 295/6;Erdberg;Erdberg
338;Antonigasse 336;336;;;;Antonigasse;Magistrat der Stadt Wien;48.196213;16.406325;Behsel Stadtplan, WStLA, P1: 295/6;Erdberg;Erdberg
339;Antonigasse 337;337;;;;Antonigasse;Magistrat der Stadt Wien;48.19613;16.406561;Behsel Stadtplan, WStLA, P1: 295/6;Erdberg;Erdberg
340;Antonigasse 338;338;;;;Antonigasse;Magistrat der Stadt Wien;48.196067;16.406696;Behsel Stadtplan, WStLA, P1: 295/6;Erdberg;Erdberg
341;Antonigasse 339;339;;;;Antonigasse;Magistrat der Stadt Wien;48.195951;16.406869;Behsel Stadtplan, WStLA, P1: 295/6;Erdberg;Erdberg
342;Antonigasse 340;340;;;;Antonigasse;Magistrat der Stadt Wien;48.195833;16.406967;Behsel Stadtplan, WStLA, P1: 295/6;Erdberg;Erdberg
343;Antonigasse 345;345;;;;Antonigasse;Magistrat der Stadt Wien;48.196037;16.406949;Behsel Stadtplan, WStLA, P1: 295/6;Erdberg;Erdberg
344;Antonigasse 341;341;;;;Antonigasse;Magistrat der Stadt Wien;48.195657;16.406902;Behsel Stadtplan, WStLA, P1: 295/6;Erdberg;Erdberg
345;Antonigasse 342;342;;;;Antonigasse;Magistrat der Stadt Wien;48.195585;16.406763;Behsel Stadtplan, WStLA, P1: 295/6;Erdberg;Erdberg
346;Gestättengasse 279;279;;;;Gestättengasse;Magistrat der Stadt Wien;48.195399;16.406699;Behsel Stadtplan, WStLA, P1: 295/6;Erdberg;Erdberg
347;Gestättengasse 280;280;;;;Gestättengasse;Magistrat der Stadt Wien;48.195419;16.406577;Behsel Stadtplan, WStLA, P1: 295/6;Erdberg;Erdberg
348;Gestättengasse 281;281;;;;Gestättengasse;Magistrat der Stadt Wien;48.195283;16.406366;Behsel Stadtplan, WStLA, P1: 295/6;Erdberg;Erdberg
349;Gestättengasse 278;278;;;;Gestättengasse;Magistrat der Stadt Wien;48.19522;16.406692;Behsel Stadtplan, WStLA, P1: 295/6;Erdberg;Erdberg
350;Antonigasse 343;343;;;K. K. Mauthhaus;Antonigasse;ständisch frei;48.195271;16.407648;Behsel Stadtplan, WStLA, P1: 295/6;Erdberg;Erdberg
351;Gestättengasse 277;277;;;;Gestättengasse;Magistrat der Stadt Wien;48.194906;16.406368;Behsel Stadtplan, WStLA, P1: 295/6;Erdberg;Erdberg
352;Gestättengasse 275;275;;;;Gestättengasse;Magistrat der Stadt Wien;48.19587;16.404678;Behsel Stadtplan, WStLA, P1: 295/6;Erdberg;Erdberg
353;Gestättengasse 276;276;;;;Gestättengasse;Magistrat der Stadt Wien;48.195772;16.404916;Behsel Stadtplan, WStLA, P1: 295/6;Erdberg;Erdberg
354;Hauptstraße 392;392;;;;Hauptstraße;Magistrat der Stadt Wien;48.200978;16.397569;Behsel Stadtplan, WStLA, P1: 295/6;Erdberg;Erdberg
355;Gärtnergasse 391;391;;;;Gärtnergasse;Magistrat der Stadt Wien;48.200987;16.397996;Behsel Stadtplan, WStLA, P1: 295/6;Erdberg;Erdberg
356;Hauptstraße 357;357;;;;Hauptstraße;Magistrat der Stadt Wien;48.200814;16.398014;Behsel Stadtplan, WStLA, P1: 295/6;Erdberg;Erdberg
357;Gärtnergasse 358;358;;;;Gärtnergasse;Magistrat der Stadt Wien;48.201025;16.398442;Behsel Stadtplan, WStLA, P1: 295/6;Erdberg;Erdberg
358;Hauptstraße 356;356;;;;Hauptstraße;Magistrat der Stadt Wien;48.2003;16.398557;Behsel Stadtplan, WStLA, P1: 295/6;Erdberg;Erdberg
359;Hauptstraße 355;355;;;;Hauptstraße;Magistrat der Stadt Wien;48.200201;16.398645;Behsel Stadtplan, WStLA, P1: 295/6;Erdberg;Erdberg
360;Hauptstraße 393;393;;;;Hauptstraße;Magistrat der Stadt Wien;48.201236;16.397279;Behsel Stadtplan, WStLA, P1: 295/6;Erdberg;Erdberg
361;Hauptstraße 394;394;;;;Hauptstraße;Magistrat der Stadt Wien;48.201373;16.397083;Behsel Stadtplan, WStLA, P1: 295/6;Erdberg;Erdberg
362;Hauptstraße 395;395;;;;Hauptstraße;Magistrat der Stadt Wien;48.201503;16.396887;Behsel Stadtplan, WStLA, P1: 295/6;Erdberg;Erdberg
363;Hauptstraße 396;396;;;;Hauptstraße;Magistrat der Stadt Wien;48.201656;16.396627;Behsel Stadtplan, WStLA, P1: 295/6;Erdberg;Erdberg
364;Gärtnergasse 390;390;;;;Gärtnergasse;Magistrat der Stadt Wien;48.201177;16.398457;Behsel Stadtplan, WStLA, P1: 295/6;Erdberg;Erdberg
365;Gärtnergasse 389;389;;;;Gärtnergasse;Magistrat der Stadt Wien;48.201213;16.398611;Behsel Stadtplan, WStLA, P1: 295/6;Erdberg;Erdberg
366;Gärtnergasse 388;388;;;;Gärtnergasse;Magistrat der Stadt Wien;48.201254;16.39878;Behsel Stadtplan, WStLA, P1: 295/6;Erdberg;Erdberg
367;Gärtnergasse 387;387;;;;Gärtnergasse;Magistrat der Stadt Wien;48.201185;16.399354;Behsel Stadtplan, WStLA, P1: 295/6;Erdberg;Erdberg
368;Gärtnergasse 386;386;;;;Gärtnergasse;Magistrat der Stadt Wien;48.201105;16.399861;Behsel Stadtplan, WStLA, P1: 295/6;Erdberg;Erdberg
369;Gärtnergasse 385;385;;;;Gärtnergasse;Magistrat der Stadt Wien;48.201016;16.400189;Behsel Stadtplan, WStLA, P1: 295/6;Erdberg;Erdberg
370;Gärtnergasse 384;384;;;;Gärtnergasse;Magistrat der Stadt Wien;48.200835;16.40089;Behsel Stadtplan, WStLA, P1: 295/6;Erdberg;Erdberg
371;Gärtnergasse 362;362;;;;Gärtnergasse;Magistrat der Stadt Wien;48.200988;16.399739;Behsel Stadtplan, WStLA, P1: 295/6;Erdberg;Erdberg
372;Gärtnergasse 361;361;;;;Gärtnergasse;Magistrat der Stadt Wien;48.201045;16.399467;Behsel Stadtplan, WStLA, P1: 295/6;Erdberg;Erdberg
373;Gärtnergasse 360;360;;;;Gärtnergasse;Magistrat der Stadt Wien;48.201075;16.399247;Behsel Stadtplan, WStLA, P1: 295/6;Erdberg;Erdberg
374;Gärtnergasse 359;359;;;;Gärtnergasse;Magistrat der Stadt Wien;48.201109;16.399071;Behsel Stadtplan, WStLA, P1: 295/6;Erdberg;Erdberg
375;Gärtnergasse 383;383;;;;Gärtnergasse;Magistrat der Stadt Wien;48.200457;16.401591;Behsel Stadtplan, WStLA, P1: 295/6;Erdberg;Erdberg
376;Gärtnergasse 363;363;;;;Gärtnergasse;Magistrat der Stadt Wien;48.200112;16.4018;Behsel Stadtplan, WStLA, P1: 295/6;Erdberg;Erdberg
377;Gärtnergasse 364;364;;;Die Gärtner-Communität, vormals das Rüdenhaus;Gärtnergasse;Magistrat der Stadt Wien;48.199706;16.40168;Behsel Stadtplan, WStLA, P1: 295/6;Erdberg;Erdberg
378;Gärtnergasse 365;365;;;;Gärtnergasse;Magistrat der Stadt Wien;48.200027;16.401952;Behsel Stadtplan, WStLA, P1: 295/6;Erdberg;Erdberg
379;Rüdengasse 352;352;;;;Rüdengasse;Magistrat der Stadt Wien;48.199159;16.402212;Behsel Stadtplan, WStLA, P1: 295/6;Erdberg;Erdberg
380;Rüdengasse 351;351;;;;Rüdengasse;Magistrat der Stadt Wien;48.1993;16.402341;Behsel Stadtplan, WStLA, P1: 295/6;Erdberg;Erdberg
381;Rüdengasse 350;350;;;;Rüdengasse;Magistrat der Stadt Wien;48.19955;16.402586;Behsel Stadtplan, WStLA, P1: 295/6;Erdberg;Erdberg
382;Rüdengasse 349;349;;;;Rüdengasse;Magistrat der Stadt Wien;48.199839;16.40276;Behsel Stadtplan, WStLA, P1: 295/6;Erdberg;Erdberg
383;Rüdengasse 347;347;;;;Rüdengasse;Magistrat der Stadt Wien;48.199266;16.402532;Behsel Stadtplan, WStLA, P1: 295/6;Erdberg;Erdberg
384;Rüdengasse 348;348;;;;Rüdengasse;Magistrat der Stadt Wien;48.199395;16.402666;Behsel Stadtplan, WStLA, P1: 295/6;Erdberg;Erdberg
385;Dietrichgasse 366;366;;;;Dietrichgasse;Magistrat der Stadt Wien;48.199567;16.403095;Behsel Stadtplan, WStLA, P1: 295/6;Erdberg;Erdberg
386;Dietrichgasse 367;367;;;;Dietrichgasse;Magistrat der Stadt Wien;48.199478;16.403245;Behsel Stadtplan, WStLA, P1: 295/6;Erdberg;Erdberg
387;Dietrichgasse 381;381;;;;Dietrichgasse;Magistrat der Stadt Wien;48.199683;16.40322;Behsel Stadtplan, WStLA, P1: 295/6;Erdberg;Erdberg
388;Dietrichgasse 368;368;;;;Dietrichgasse;Magistrat der Stadt Wien;48.199137;16.403799;Behsel Stadtplan, WStLA, P1: 295/6;Erdberg;Erdberg
389;Dietrichgasse 369;369;;;;Dietrichgasse;Magistrat der Stadt Wien;48.198974;16.404051;Behsel Stadtplan, WStLA, P1: 295/6;Erdberg;Erdberg
390;Dietrichgasse 370;370;;;;Dietrichgasse;Magistrat der Stadt Wien;48.198882;16.404211;Behsel Stadtplan, WStLA, P1: 295/6;Erdberg;Erdberg
391;Dietrichgasse 371;371;;;;Dietrichgasse;Magistrat der Stadt Wien;48.198785;16.404367;Behsel Stadtplan, WStLA, P1: 295/6;Erdberg;Erdberg
392;Dietrichgasse 380;380;;;;Dietrichgasse;Magistrat der Stadt Wien;48.19895;16.404415;Behsel Stadtplan, WStLA, P1: 295/6;Erdberg;Erdberg
393;Dietrichgasse 379;379;;;;Dietrichgasse;Magistrat der Stadt Wien;48.198894;16.404524;Behsel Stadtplan, WStLA, P1: 295/6;Erdberg;Erdberg
394;Dietrichgasse 372;372;;;;Dietrichgasse;Magistrat der Stadt Wien;48.198593;16.404747;Behsel Stadtplan, WStLA, P1: 295/6;Erdberg;Erdberg
395;Dietrichgasse 373;373;;;;Dietrichgasse;Magistrat der Stadt Wien;48.198455;16.405034;Behsel Stadtplan, WStLA, P1: 295/6;Erdberg;Erdberg
396;Dietrichgasse 374;374;;;;Dietrichgasse;Magistrat der Stadt Wien;48.198329;16.405321;Behsel Stadtplan, WStLA, P1: 295/6;Erdberg;Erdberg
397;Dietrichgasse 375;375;;;;Dietrichgasse;Magistrat der Stadt Wien;48.19822;16.405486;Behsel Stadtplan, WStLA, P1: 295/6;Erdberg;Erdberg
398;Dietrichgasse 376;376;;;;Dietrichgasse;Magistrat der Stadt Wien;48.198112;16.405617;Behsel Stadtplan, WStLA, P1: 295/6;Erdberg;Erdberg
399;Dietrichgasse 377;377;;;;Dietrichgasse;Magistrat der Stadt Wien;48.198025;16.405791;Behsel Stadtplan, WStLA, P1: 295/6;Erdberg;Erdberg
400;Dietrichgasse 378;378;;;;Dietrichgasse;Magistrat der Stadt Wien;48.198373;16.406279;Behsel Stadtplan, WStLA, P1: 295/6;Erdberg;Erdberg
401;Dietrichgasse 344;344;;;;Dietrichgasse;Magistrat der Stadt Wien;48.19616;16.408809;Behsel Stadtplan, WStLA, P1: 295/6;Erdberg;Erdberg
402;Dietrichgasse 401;401;;;;Dietrichgasse;Magistrat der Stadt Wien;48.19854;16.405299;Behsel Stadtplan, WStLA, P1: 295/6;Erdberg;Erdberg
403;Aufwaschgasse 382;382;;;;Aufwaschgasse;Magistrat der Stadt Wien;48.200475;16.402919;Behsel Stadtplan, WStLA, P1: 295/6;Erdberg;Erdberg
404;An der Donau 398;398;;;;An der Donau;Magistrat der Stadt Wien;48.202283;16.398941;Behsel Stadtplan, WStLA, P1: 295/6;Erdberg;Erdberg
405;Hauptstraße 397;397;;;;Hauptstraße;Magistrat der Stadt Wien;48.20249;16.397783;Behsel Stadtplan, WStLA, P1: 295/6;Erdberg;Erdberg
